id,mass,pos_x,pos_y,vel_x,vel_y
0,18.356066853080524,52.558543028582626,97.163774609593801,-2.632687975161119,-0.072814711424485
1,90.205049172720635,-86.607375935607820,28.936694082164674,-2.469600091173874,3.553760114430027
2,21.741374513288900,-28.974623888659846,101.498794854514756,-3.530436567390716,2.941409679228713
3,75.368771315957090,-52.241447082424109,39.466762451235141,0.127983185056735,-0.480954769528807
4,44.691517648228540,64.572491433326761,58.566113601365913,-4.750134913744120,-1.999463449171657
5,30.680300210116418,-85.072286377178145,97.426067988477314,-1.511301933265941,-1.180186731988186
6,95.326247592190342,-19.755383764488826,25.950942647709333,2.728750299588434,-3.582631438243489
7,59.399448238331750,36.127843664978258,-67.243283882143373,-4.147055149654122,-2.456153171764441
8,24.276837003583310,50.132213645901089,-33.628351688363971,-1.934891934785199,3.371149829679965
9,17.196465473146453,35.133193856779499,94.465488348893246,-1.022389437429894,3.689433054221780
10,38.466244618238264,101.231363095993899,-90.070925906167886,4.023246474769593,1.308008378774161
11,39.564601053416872,36.186336885590919,73.461085252330136,3.393148546179958,1.723066246244542
12,51.006806290743611,-82.591722522053288,44.166138371526309,-0.678789360343757,-3.241167125807110
13,62.268338555518483,-89.513222930258081,61.907336964721388,-2.340010626512168,4.864429032761208
14,83.585616338655853,-63.156546643249442,107.282184176708753,-3.915646397096140,3.714161679443606
15,50.289292898366121,81.495562215073420,35.572838370918447,4.038470503402181,3.656642626004825
16,88.712708322374738,18.164066815196268,-62.148467586880841,2.433928747776903,-2.417751139310553
17,25.897327918977453,-51.296900043452062,-87.243205855284558,2.237688045797626,2.318684930477843
18,87.912934185634711,-22.357879715137020,-26.069036829248731,-3.793675010312292,-3.105170423086534
19,42.047519069252424,-75.383896050610673,13.598590812300536,-2.378037568011848,-4.887184660450661
20,81.880462214399245,-49.148252868087184,41.731884421721126,-3.399420082913807,-2.284778747592497
21,98.297430941004379,-83.326889830440777,-42.473681726921122,4.099274293180599,-4.799605729718692
22,77.143617513852263,-13.369904263925063,-85.695816751568103,-0.909164409765850,4.369674803556478
23,39.544706948165654,-39.943156358454836,70.919126121016419,0.500485740108658,4.938862168929603
24,83.948943505076116,59.049259300613805,-11.271816745132593,-0.863152288035707,-3.311724822420636
25,62.797153382383335,86.233937904019484,-12.265275082357924,-3.166132265143773,2.656612716181339
26,34.929877016547493,56.545274420628907,-15.602940918323027,3.028312483394302,-2.617946391872739
27,64.141997616554164,101.115771991736423,-43.922759052582158,2.160999946587339,2.373509166176291
28,19.593526271091665,-17.029780656489347,-33.583462729099743,-1.615687147816658,-0.856746428293675
29,26.235781860292899,45.157700809969988,70.453304335109863,2.603541976180779,0.226329555278681
30,92.029442720969698,-31.337497747933988,-83.919071050013002,-1.122855509366794,4.126507497652909
31,68.638392660752288,17.866931875081303,67.748604029047740,3.581158024640452,1.285091036712060
32,49.333794428485646,-28.976861673916787,-67.656776123072447,-2.663630512675041,4.698995613369306
33,10.424966062111690,-24.117422463525557,40.699128946099876,-4.444974872889240,0.626610669473493
34,38.038706036422148,10.885359344731068,3.513473480485946,-3.764555701434436,1.343082249974126
35,48.110615525766192,-93.249967617350009,-36.184758994262964,-0.600096986674004,4.284691324153300
36,58.500832347371542,83.299088004337122,84.412200532140091,4.753081380686552,2.872409135368059
37,13.046205137308801,-96.898266087847873,-23.783958564510751,0.797983451900564,2.758579559481866
38,57.031091502404145,26.586385760425728,-29.165134603222391,-0.410430067475254,4.058794117342757
39,80.713190048617463,-66.923711092560410,74.638948212793622,0.838927016754099,0.183212160104063
40,98.079486993773116,103.084398138282324,-43.542818402571321,4.207286467521243,2.683915376130130
41,60.558018254648282,-64.169896786921854,-32.076940184617087,-0.646982997156442,-2.438645298343545
42,57.192938189899067,3.839974408681370,13.634391810179558,2.773061519255338,1.919661440154741
43,15.962848968552688,-48.946763907674224,59.966460261215417,-3.564104778905275,-0.703655118221036
44,8.549637788787217,84.019900684927734,34.175992250042995,1.101611705486505,0.922832217698044
45,66.088644461624398,-46.933137671594828,61.331180508276290,-4.482727629823913,-2.917865002043385
46,45.072316915738540,76.960239874604397,-65.817065940631437,-4.673484264568373,-3.454501373434482
47,82.903432290606133,-16.613687502134884,-43.555967146716995,-1.785945973335501,1.114696743375632
48,24.779569855259972,77.441365490013098,36.172048552179383,3.111319809596580,-4.373586332249602
49,11.325982501205118,63.031610617793071,50.740483477075919,-0.711613489404783,3.727600157370148
50,95.327632590049021,70.045043025261123,-53.295335964739671,-2.931936984185057,3.673976857675143
51,45.285182946255844,-89.179507680727625,-28.444143166141870,-4.906416367386868,-3.060360241543236
52,20.264635425808223,-67.213934262907983,92.629820986586779,4.060455099705962,3.521538154439696
53,13.900466586610714,-5.884743121111271,3.632721100296708,-3.239960027453792,3.379311951904129
54,18.264981418285672,77.655358761114073,-46.927042644089141,4.582303388059472,4.433544958024171
55,19.890942990846554,-71.114904398504152,-40.890489969256450,-2.126926262950946,2.195214519066724
56,9.730304342276501,-90.429577300030815,-68.572886489634556,2.256650064333598,-3.513789935623635
57,2.998600407145532,-3.550431404060021,8.793166841128224,-0.599353828342952,3.713708178062891
58,28.371683987147236,-68.991001753255929,-68.390682156357101,3.141858010182830,-4.564118419087748
59,51.800797168986378,-23.062240673323480,-4.836688897196359,0.559173081545161,-3.475840818664588
60,53.138128556145531,32.790006072165106,-36.477253864013257,-1.586730877282250,3.385772583147428
61,72.248147770597768,-35.256142995843362,23.295425978905961,-3.820563222167550,2.860249955050342
62,34.157707879940510,97.345964528503103,76.822750208859105,1.637854516706483,3.700910324857176
63,99.018573975542409,-34.872212858531647,79.908005631647868,-1.626639631117044,4.348852631698463
64,11.934322878190057,80.212964884375381,-32.347776377860740,-4.710357202642967,0.211777513452915
65,78.317733174604982,87.079765165790320,76.228583727696744,4.948333239361347,3.199884846737433
66,28.609715313212146,32.965027414185442,-33.970462873416480,2.395249988040149,4.292507063747308
67,38.779605471523119,-28.191916735309647,-77.961997501704815,1.062734924262188,0.729808377163010
68,55.847843130055800,-57.680164067869164,101.140713607491037,-2.463657630975646,2.563154596820993
69,51.604833101592440,19.073324627185428,80.301908950698859,-4.998658822694146,3.470825594409632
70,9.189351850339602,-89.779378017768067,91.124452677918654,-4.995794522032782,-2.171573005009009
71,24.552540967864200,-26.355374345430491,-31.363582216855253,3.757712925320611,-2.989289799580419
72,77.862665271612968,-25.368545541171990,58.955111356698254,-4.507387338285618,-0.212676435350190
73,54.198268173745333,83.996009623600415,97.030585925421818,4.811232202397520,2.314274168713837
74,7.389904938592081,-64.128124899779550,73.788318762315043,-0.608035407123708,1.367752829384727
75,44.107276833989424,-56.479472326598973,-36.776898575915070,4.568816134940690,0.234638363236073
76,8.829195258092582,-49.283919896964001,16.500509366781426,1.914357257196997,3.774451882386387
77,92.359555802942054,63.361699004716428,-6.878202947707011,3.974846222112305,3.928742062941781
78,46.150462157549015,-72.088972280423533,-38.101505084765954,1.459276567706524,3.533389582754509
79,51.873704427057902,81.656879705360382,-42.250987875637442,-2.236551954324284,2.400231593196622
80,4.853741334542807,30.422706650225319,94.875480964423090,-2.025815867352776,1.126674826592478
81,13.477311409661354,54.169418844343355,12.713999137737268,4.670663369044803,-1.710032292704344
82,3.974964035086530,-13.754146173351300,-70.025324861739477,-1.225907163927076,3.658371604377209
83,81.456579115440704,-3.021529552316224,-7.949953231272070,-1.269994596571578,-1.260604958173595
84,10.497201421278767,-38.129497378396508,-16.629854761647842,-1.075327660308645,-2.303316044196002
85,64.438770293711968,12.783774964809346,-12.658575786687903,-3.699765827067392,1.334608998648434
86,22.687608890100734,-25.764025153031742,-38.079372554906961,-0.938361851239478,-3.815918040269040
87,88.900655795255261,-44.691213680699200,-29.678040461421112,0.865023156292466,3.341100643615924
88,99.922658616065831,38.778563352709682,-9.654850817813909,3.160115866549873,3.343460068155668
89,16.919409718967596,-79.122366416067436,8.017702998224099,0.562572754281376,-3.154598472470660
90,49.891501266269259,-83.222947219196740,78.274644197273503,0.826979470704714,2.303585419965515
91,56.705412110564950,-15.872456188779248,44.408493686069420,-3.198838827271100,-4.185977388400275
92,76.037850741806267,-91.744422561844189,70.947025366409818,1.836622200693228,0.828415895669821
93,29.750194575130404,-4.876756970821623,-61.705789102361265,2.241514070221085,-4.544316235222823
94,98.135022503380981,43.478463362605694,-21.668282562332625,2.348164035437605,4.096221794093324
95,56.144207133478233,3.307353843334913,-71.938202705893701,0.848146977089725,1.358900589765710
96,5.859644267538143,98.971541418322616,-50.237038949876947,-0.222616457065783,-4.770241608374448
97,82.826835122419581,-43.314169282376795,52.442047009661735,-2.512441412790167,4.726773561366571
98,88.298535342600118,48.058210354814939,12.353205803123313,-2.199526302798205,2.489747740389969
99,86.544283195007395,-76.894442733795458,97.809851616627583,-4.335401711090725,4.278857482507448
100,72.709160703196176,81.256391304316978,-82.420337019030484,-4.862179677088108,0.284717679039659
101,79.926467408953144,14.123610240846682,-36.409885952071413,-1.415884252773214,-1.904416938838338
102,29.403727939765332,47.230677092757318,-70.060027195989505,2.470794767443607,1.759026072951997
103,49.362130583620726,63.431800603475075,32.660737468083632,1.300877083708940,-3.761728598323089
104,46.983906456106823,48.772436500228252,-76.149251534896877,3.990787167573373,1.684462697662070
105,16.114075402996964,-36.660619254870817,-67.041781617451321,-4.285003638556262,-3.723550959936972
106,4.331894758121721,-67.448065967446865,-107.639732350995118,0.649564912463774,-4.806951225224765
107,50.610581791217882,-95.096993940668810,-83.537806956700976,-0.998266483406951,1.134900566421493
108,33.998040947612019,68.079154965777107,61.152669013561038,-4.371093275320703,-4.302086024131313
109,83.150661599871341,29.726024692124248,-81.398643826590416,-2.444811142474634,-3.095176952918166
110,73.420408188683510,45.310905411611792,-46.789280367394781,1.124566546384642,2.112686998121305
111,66.098241621378619,26.897289614915110,-28.425909987504237,-2.016641388644658,0.599714212706459
112,10.931818333950789,79.400235919886811,-48.425674279243417,0.423833801514917,-2.928834599561370
113,62.794629802432347,-0.205861416538924,-32.017146708057602,-1.529967570905630,2.861471029653018
114,97.379026967936724,29.354206529499642,25.630829062313961,-0.481793953506582,-4.846855704382591
115,19.429668462334792,0.709012793142330,-73.441135038572000,2.168435043001604,-1.967302715258512
116,36.514872605399553,-30.666035176299804,-54.005064312498163,-3.362740810560183,0.548435462189190
117,61.185946375549001,-74.436003434911740,-35.384759868745768,2.404700858055264,3.417362978257188
118,13.965847320757213,-63.935203810026088,-46.018645040148932,3.190787818272156,-3.334276868439545
119,17.706112922078955,-100.474802710855698,89.271449804314116,-4.328617526613954,-0.829454095306659
120,91.414709157047497,-45.723834560341324,15.192438286402293,3.174483776243875,-1.172630901901872
121,42.066783643290073,-49.868754334815577,61.284975044146002,-2.594162927578125,-4.178900355293180
122,88.970776988298567,40.424202786802688,9.034860407400076,4.489577053591631,-3.491992776658837
123,28.865353712630153,-98.564175980518527,-6.447271679558084,-2.533486187814304,2.518689893153780
124,51.530368909612370,-49.997267440198293,79.713142179952925,1.871339186389775,0.399351201641451
125,49.431415146772395,-21.467807412513295,-52.448260281935063,-1.057268048753457,2.751282898891461
126,57.160890141776228,68.104989900110866,-85.848154180638829,-0.986302300228203,0.430316788661855
127,16.292162718600579,60.988530950926460,5.780462262117775,-1.451093427830585,-0.929227281224287
128,80.791988458512975,-103.250590482260463,89.174787415079010,-4.950701911575095,2.965756349999538
129,46.167119542256486,48.185416009091711,-65.160758375433545,-3.121243210438607,0.077699482160654
130,52.773604265528988,89.957249758411535,-71.270697634947737,-0.401976134547510,-0.474780550416654
131,68.205906768844187,-0.318132796997601,-67.110276286168769,3.039920222307760,2.041784970898419
132,48.835740070817053,-15.645918246553402,-20.141556851118434,1.658312240885085,-0.612297991846944
133,13.910416398491376,62.268489652721911,35.874805816069454,-0.515754620497333,1.666086362055097
134,74.446095556801296,25.890627160005426,-61.754193122712522,3.326408020320137,2.308017686148389
135,52.136721610514179,64.064273525131057,-27.953813668285584,4.111108502867467,-1.369577846851833
136,82.213566086756259,-66.719256152532452,52.042763568988285,4.288549695466770,2.564748211197099
137,15.696551933780208,-73.134504870142578,-46.345442113772663,1.099349402722538,-4.890203847550367
138,65.176108279169554,88.162245686582352,-101.915552273801140,-3.592658310321895,-4.030352472614140
139,10.241274905013668,-48.619086978615975,100.593995058871798,-4.102800564867692,1.710122986666107
140,95.981285888468236,-20.107291646893284,-64.347704809516074,3.207128823691363,3.497417195147534
141,99.984999975877813,-76.092968218621635,-53.491435102769316,1.138088427984485,-0.123982492051766
142,75.570281619766931,75.449008934348512,89.872315110110492,-3.982669915199466,-1.700446188007732
143,39.866813695860181,-14.660599794303673,18.985910537888039,3.381933231812528,-4.775403431671066
144,39.517926991228670,82.914324069499003,-29.731365260540461,-4.067538987535357,-0.793584463258767
145,52.463396215326000,73.369255071259204,-88.036348025468897,-3.180524112632099,3.026730027596614
146,47.116300740044778,-5.415446974484383,-58.709161814569264,2.142617167880356,-4.797147698042536
147,11.057751105174809,88.510255530201022,27.036726428770070,4.223805475810138,-4.157578106610416
148,78.410706804406914,-8.520126045891143,7.935833031255266,2.468753091621867,-3.957004858442570
149,94.336118604698768,-82.880782313854269,81.663496469501936,1.927887019725461,-0.886732720915262
150,49.589209563616222,-88.404413264348520,21.820194482816486,3.757797177782862,2.422242247053319
151,90.773600000897872,87.588374585407948,4.417499654233889,3.297524632673543,2.822647596954120
152,66.403200082721142,47.595341653040059,90.491329720385039,-3.129578933599220,-4.520112461879933
153,82.817174306959345,-32.024410767003900,71.797052120811756,-0.376269354316250,0.550457571519303
154,3.409378713595962,-72.722070123100991,25.505929971296222,0.659469715328953,0.089969042402416
155,51.133753026041077,34.243463640995259,5.226786038420111,3.745032596942721,-0.428938879407204
156,61.678701112650032,19.760475837689999,-74.879663242172612,-1.645007816281563,-0.711473672052421
157,78.206654668399111,39.670737729275153,16.530725913911390,4.906171690819860,-0.103870937436490
158,10.538651639411365,-63.711891936180585,13.910623035520551,-2.656861716215175,2.602762008342818
159,75.412813296741533,-66.165250527862625,68.707591730641312,-4.160935133229060,0.928455944590212
160,64.286446608189181,26.520056890980698,-19.899945638083693,-4.968538932602229,-0.388471581436889
161,1.909862402128140,-3.482813854568709,-4.450497689664743,-2.673729452642370,-4.286166498738364
162,5.745620110424562,-57.256030752497288,45.145223775507411,-2.163380686437577,-3.983047924843675
163,35.007209510119488,102.887794413489544,-57.827892788035527,4.184573417646931,-3.398678311347680
164,52.143574623127954,-22.977549296466421,43.107741621940740,3.792456201763628,4.875191239104737
165,34.858693640422530,-56.863963938009462,-61.371331298729025,2.820090972967648,-0.359992008426246
166,67.754006786185244,-83.338437221717825,-36.963638197164940,-0.613792084577369,-2.278855889471387
167,41.488192552827037,-76.059398093163452,-11.897842064906015,-1.526547259584277,2.454866087500118
168,45.762889676483248,-75.961614933616517,7.354730553351134,0.664486154133215,3.236756675729735
169,84.575270411718648,49.471072740867122,73.527689512454330,2.262704279444350,-0.681129098539657
170,26.988584460602997,96.961309201259681,-80.410307763722173,-0.767945640686918,-2.836076498845586
171,86.911562443813324,-18.728680016074204,61.289773257058357,-0.664719052793217,4.651601116042414
172,20.392552848363781,83.779104887037619,-92.997058482696744,-0.464520285387948,-1.225798547241652
173,94.175390843972892,2.280271947109523,93.108584057911642,-4.012767489670388,4.332255805805829
174,2.828473709306758,-43.280235114143892,49.943383983883507,-0.573624115184401,2.961616281658408
175,35.546929959078057,-79.932232641550002,84.682730808046614,-3.058172660028191,4.297153235110329
176,95.520612533925600,-67.366476214984004,-51.418062338615336,1.138081896932874,0.125369356836913
177,73.278245064759531,-68.849518711248237,80.538555712269812,-1.479921906371828,1.933820097756467
178,41.955404304978536,40.056014538057276,-75.191076299257773,0.967887231876574,-0.305451017820957
179,14.236643974256793,-45.699183482407065,-8.203106109405770,-4.308292020284910,-1.939545205234872
180,29.179285381965876,9.251805044326428,-49.608687047157801,-2.277529738082862,4.241921300485885
181,37.084564549486181,28.226787323798163,-39.023097065321252,4.179614247951946,-0.099718258071846
182,13.005640463769454,11.509052241988314,57.132563632337082,-3.681532306848467,-2.674464733412307
183,67.562258529400310,55.612234816323721,72.543828201759013,-1.241981255374824,1.239264416964403
184,86.026485286146936,21.736773273247096,-1.108477888921473,2.316014008468770,-0.034914415365994
185,90.779304962127597,-1.057684668171595,30.383454432129025,-2.470341377701601,1.037915605292206
186,4.736376199898913,4.720988916890308,-40.648618465732049,3.920089749734945,-3.334947631732277
187,98.801198444299686,-69.903562224383421,16.809014812859935,-0.265676524644221,0.900079514766183
188,22.267522190390114,-44.319735527316851,11.192383261169317,3.172618744170208,4.820591185479817
189,34.149766635929033,-95.052690992378615,-96.214485147007153,-1.200513571683359,-3.343556592743369
190,59.438536183958909,-27.286622382047060,45.306033607934367,-2.907844303977392,-2.062202445414840
191,94.012927178831504,-14.260615313097812,43.366254547881404,3.572375644175718,-4.320794604138101
192,91.463970332206173,101.755653870178264,-21.585637435303489,4.209206432596346,4.099147455870344
193,35.751940271717537,51.444653593700366,72.372450042126644,-1.902619609940359,-2.670610074286373
194,30.274613503857317,55.949528487958986,-56.055796918115909,-3.168582380762430,2.257050006410566
195,3.762189643609494,-47.069284317725398,5.683453713483267,0.304888047391216,-0.436219667665672
196,59.471134313847671,-92.375165743703931,-99.985533023890440,-2.381495287787772,-0.432944263187096
197,90.339980816317308,-47.189727070032774,-65.623976014153527,1.771818110413648,-0.937048744801672
198,8.852929638721381,-91.999655342320040,-61.906501353398845,-2.704937720177014,-4.088366064825166
199,52.474520555314278,43.756422555399887,36.671746743115449,-2.200089942394712,-1.641537717278752
200,32.198206029598452,-30.103948593015772,15.959444589692232,0.869063982756479,1.990672853847641
201,17.364294474806385,75.020971254768625,31.629399758167825,0.593830280502061,3.057411874007165
202,55.348534422758846,88.221909692577682,61.283733666043410,3.957338418234713,2.158794666055286
203,45.183256034388059,-72.787920317219047,59.015313900341866,-0.241277796170891,-2.797990738021383
204,85.526426984257171,-1.955698469049301,-91.262663877962041,2.222766734888038,-1.854974096370654
205,26.533919016186857,-67.104493093218437,-44.487828001575309,-4.793229690894663,-0.897326637693041
206,1.155731811080943,37.468437046842325,79.163470698540351,3.114405737527193,-0.582006925269951
207,79.078617365620573,-99.329540595363525,84.004557687167392,-0.522712839740080,3.869024095051543
208,18.268067552298710,22.870598392423574,78.859211195634330,-2.027000064671469,-2.812711185836037
209,69.997700229714894,-85.879101639738820,17.325193726318989,-2.952531259769131,-1.378058867677723
210,20.346598314556484,-38.352259784300365,65.945092812243928,-0.373304815435915,4.153448969790929
211,78.680734715040572,-7.037898615487902,36.380076885114448,1.236039187458671,-3.161527454906476
212,22.143217254721119,-42.523059377971762,-26.586935533228651,2.807542121673379,3.541060185789746
213,3.236121233876781,-33.444099051288589,-53.439325133682878,-1.912736450097441,-3.879251533435024
214,67.753404853178338,93.446714825356111,74.634704483256968,3.113342024583687,4.711280887921987
215,77.750872191357587,-79.558462735246366,39.536026872085436,-0.365053989456499,-3.030836135069492
216,78.806428808521503,47.683185282605770,-17.257930736603246,2.182736688993003,-0.054217005642165
217,49.095827044419266,15.001834904421059,-12.157159491861007,0.116979002674622,0.422100635358369
218,53.870289355701239,26.630705349463593,-61.537188706540398,0.076386642610515,2.519066040777673
219,50.325897735481433,63.126112001779845,77.409299672240465,4.949139004833469,4.416412626063249
220,10.462592692726250,31.901228574184916,1.448192301124719,4.054161715714599,1.877751597352673
221,80.590242444743296,9.605468306559086,13.425764022189492,-2.349995703254759,-4.164518902098102
222,13.482180842752481,-43.117340430856942,27.959426440043597,-1.575251388338117,1.314216510909461
223,42.552841381285539,42.361047102789342,49.780215411343704,-3.979538696855300,-0.004830151982560
224,57.907906138054067,-75.521343375653771,-5.239728588456719,0.314016275272166,3.827218250505338
225,24.657245146341609,74.874894987683277,-31.482269339638822,4.946069455435520,-1.170370124349418
226,52.894435253714107,2.850579818607291,59.843004158911839,3.397411225564584,3.848978670941960
227,89.979174746048358,-87.126632231074481,-86.527325707380996,0.624910132069090,-1.387500530484687
228,68.595247940766740,61.405698067930267,-1.280987227999159,-3.707044024600492,-3.804048082891831
229,29.865381702119549,-17.576232894604217,-12.598987335585019,1.330677145347181,-1.685885017500066
230,19.459506111452804,-45.823747206325251,30.560108084137550,-0.996553544921142,-3.350588354957829
231,36.944405574873691,34.290348604070054,59.232247188829419,-1.967055154977615,1.751109042747956
232,90.170033628734259,10.583324050388939,42.638181609488129,2.203100621682363,0.346510827482405
233,54.937582678752264,52.591381800814894,25.825022156624595,3.413034945598525,-3.169691812587239
234,86.678810018206377,-8.480280135673627,-88.574461919335704,1.249770535517225,1.920665739102390
235,88.483073555736951,-79.787715230809624,12.904450529963640,0.982741912423535,3.598329330452010
236,42.849425258396586,-82.386926626961042,94.171379280707299,-1.041241003800053,3.069914862392409
237,43.863614066152351,70.759855558801945,88.430160699209608,-0.258714509536162,-0.632405234855327
238,32.405070691171446,-95.685153075983379,-97.918634880086330,0.432997233868804,-4.509252770650107
239,77.967272270556634,-87.342079603223425,-45.850313497214181,1.119203696052296,-0.181623900773431
240,26.544799276432414,-37.852938219127253,-32.577326608257742,4.588914725021098,-0.525961083794257
241,17.550324583993483,-80.898572720097064,90.379614680809752,-1.825636824102617,4.542031857538831
242,22.237454052680217,17.081305702850837,71.725349163896965,0.734068636663920,-2.826138572728354
243,48.270050737925210,-88.132804270741431,42.167629469155287,-2.162998334587485,-3.547772246188075
244,55.140357384704572,42.210034611582678,-11.273178062290905,1.974343808651113,3.762943799559437
245,70.036737276816297,20.904314057392604,-36.054900215407500,1.285824977016858,1.480773040957928
246,38.263113222477074,37.687325840918795,-42.576502024874962,3.835224893794376,-4.953494992337681
247,43.717425431324685,8.393086754801816,-47.633237841569475,-1.023331855451293,3.092313451038109
248,49.218799695692347,9.701695074317870,-83.306852316983623,3.158571898359952,3.529178899783147
249,69.191032017697424,85.967976432216730,36.580379626144612,1.913979332285720,-3.050513692564749
250,93.273550574773338,48.431176491990705,67.650282726002800,3.026370823111435,-3.572487489453380
251,39.626674232129353,-101.390254382966859,-40.255582154422157,-1.146895361087985,-2.761852289183508
252,88.883496699504875,-45.005708263534046,75.823159531767956,2.738808444870955,2.277032423408798
253,95.705146091030457,-55.115740558799573,35.730364970924285,3.446178120832855,3.624546675339246
254,36.923344599052236,-6.679874108727093,-25.321330007102240,-3.458276325042275,3.101670557717462
255,54.956642584910462,-28.684924988376828,-29.109044825948228,4.927624675077347,-3.312347761455570
256,38.854299218535509,7.039050517963607,7.622456517150895,-2.239566147203309,-4.515565522970544
257,98.490288346891532,33.433154584088982,82.730429052491587,-0.921587232463139,3.248577277823017
258,34.034295577245359,-38.015587915028391,81.020017180884139,-1.287286575623980,-4.494061017169315
259,63.409205621271063,82.997589785770003,30.061430481634147,3.595619624128688,-2.462113287622891
260,8.067956793100629,-40.131925511790293,55.211123457044586,-0.099229120124988,3.804482617101357
261,1.847740611412298,68.979658829343222,-1.609779800334264,-3.391070980558908,0.183135305993787
262,84.354975108278936,46.658155814965554,26.248983262499888,-0.543128383723257,-4.102253986526350
263,39.514996300269118,17.633380658699775,-91.105602251161443,4.683709240307010,-0.576919511001250
264,75.368121274665882,34.780348815623263,-79.684955247726975,4.800356507723080,-0.379051413786158
265,32.994324780743540,6.488031478092638,68.704017224399735,4.829749267146566,3.081340900636320
266,25.714856032676799,29.156386449322994,89.799297491982415,-4.294945107882775,-2.801062517042396
267,26.733735279781090,-73.180011568632452,65.966553043170506,-4.111638551384544,0.498179292719669
268,85.648567354340955,-15.557459724410933,67.521565612855952,0.637955139813151,4.475768112224898
269,66.689660628237320,28.498186011956452,43.141526310028539,-4.417008071430750,2.394291840141349
270,99.829841556661961,-24.386445362923457,-71.386333603299377,1.842358180871706,3.753985807052374
271,21.512218245212928,-36.245810735963502,14.076449244384060,1.445804406462869,3.409251177482542
272,70.179018258989473,-72.482730436652204,-95.043126837473324,-3.349256271727086,0.490290716289365
273,5.925226213133748,-16.077865023245714,103.112842417103749,0.939433213819640,4.081766322988756
274,97.379214692372500,68.301257173933195,55.143917926691579,2.183756768674527,0.061072784188099
275,17.161633582800892,4.918808499506300,65.410099638837295,4.613602798076055,-3.871259572827768
276,18.286552952772581,36.894022161521278,-56.391313944981114,-1.246453701716277,-0.927511904922440
277,25.343601502114204,-39.039103970731212,-76.345504741366454,-2.375948784519011,-4.698933669761374
278,39.763901223096688,-16.501096449689509,-89.266272549649187,-2.184122066142358,3.587790156490200
279,90.587326270168660,7.850205589007541,97.717918508172460,-3.077986982565140,1.385028002815147
280,60.247735522613773,33.596870192010329,74.074549556070181,4.093088241486242,-1.800121593370108
281,87.924862230116844,92.301654706626010,17.677836078738988,0.866505088776393,0.400622337859602
282,78.511112711020090,20.338275016442612,23.034340458366579,1.344634986918081,0.818552088099089
283,75.858078362956519,-51.765811814801808,24.883865891863973,-1.373111182337894,2.311014373874087
284,51.713926730105470,2.344369300232619,72.003575795624826,4.470277450149074,-2.203929005204941
285,14.731331992509816,20.236751110581778,-18.273033692187866,4.411435896692062,-0.651035931634425
286,46.097541090594575,20.043042068494806,67.095685551229394,-2.397205423848447,0.841701159186670
287,4.068263770623124,-67.349530701646643,55.373480045939623,3.463948545170581,-2.437612957255908
288,19.342703669324745,-4.324767820030502,-38.383623854578012,4.699062207996851,-2.811282698498729
289,59.111815850996059,61.207193581745202,48.733698997229375,3.018880353900499,-2.517312147383777
290,18.464802421499503,-84.043996892978498,0.995797732959723,-1.998636317375713,3.566065470491964
291,1.119247762864610,-98.930325615751329,93.539554875911534,-3.230389044124848,0.873448481646477
292,12.902508758683371,-63.421991093856512,-70.957091398344019,0.514972055309570,4.109124968169908
293,80.417764358806153,25.459734506684743,24.639196579250278,-4.466256332552732,4.952353194897263
294,7.802494958679943,57.079371927994359,89.605408187026399,3.121725787295304,-1.556957979822471
295,90.993726142446263,-20.295257389367595,29.725453936251935,2.886074061098576,1.047136587513897
296,4.459116687396631,77.630456797866032,-49.782403434115587,-3.978190545926452,-3.328818938371114
297,78.428462756703851,-47.160955597422458,-54.967604480510431,0.181648278995894,0.899303779346994
298,36.129220428502776,-92.187252599166683,-33.901726237448294,-4.425028749041360,-0.051580195418666
299,32.168002548220024,-32.761180507757878,8.615034069266773,-4.192662141357317,3.871202732007628
300,63.421636966980437,-15.395357383141942,-66.909504970020024,-4.949302056212090,-0.427346896309899
301,46.934594316334461,-84.228829658433909,10.433499144824612,-4.455741877450947,1.615197816246461
302,69.633291870281681,36.700661810375109,27.691322931003810,3.917528524733882,-1.723002074479041
303,88.551767275520078,3.207080490644584,33.473467059524054,0.800339365310654,-3.667965415801078
304,94.834920043498556,76.494981941583703,-26.134047999792983,-3.384274679640242,-1.070492073416318
305,37.496414619424421,-59.396107236995896,84.682987126482075,2.955006248157943,-4.366051759540568
306,91.530472501430992,2.520560528277816,-60.775873779101815,-2.214341666181996,1.364608172879400
307,80.852685973463295,97.841480252139306,71.522867063142982,-0.096595207585892,-2.996257587381024
308,8.959687558429163,81.394214706707388,-16.659921357628409,-4.134359112390484,0.644807703503858
309,54.134715022908843,-62.357314659754614,-90.665295950587335,-2.676513786040857,-1.455774246975494
310,90.793502152938856,48.352893605591284,6.221096447079584,-4.183025737200907,2.546408946726686
311,1.469409951849030,3.967894965135341,-100.897976811358404,-1.717562052650390,-4.003468348319927
312,51.384250582839492,-74.098349677151333,9.557863189464134,1.936145010885326,-4.816508535254371
313,41.849293523926626,-6.331952137420389,23.983012542996956,0.161658521107677,-1.303761116704827
314,97.164568289840005,10.712456455697421,-51.015285281695228,2.703608112898692,-0.836699155681941
315,9.905841219194500,-77.909488024537779,49.862402933545340,1.342570687078393,0.752392423013859
316,83.176214472340121,98.247699699913255,-63.763376758487560,0.588417743056624,-4.764855594558526
317,11.957310313960420,13.655908695532561,-38.955486931918472,2.872375331115506,2.142182001266235
318,13.969164987445723,-70.012113299445161,-91.495467057332192,1.525959667261390,0.488955537366564
319,1.405249798126605,-46.301815231399267,2.567904700700512,-2.267598851843289,2.240134297545238
320,14.748678779693618,-85.238848519015576,-87.891416948045347,1.794534036622508,-1.138560920146858
321,94.576105225579099,-89.111907043445115,-80.643935580088254,-3.861394527775985,0.861949652426119
322,83.968290864219327,93.917554926256173,-39.976528359424819,1.395784810463851,4.732086627812393
323,9.736073729839863,58.289381460193837,-89.235765054801576,-0.185126171608374,0.735916866591424
324,47.606623784106773,-2.227817941340416,-90.160920247313811,-0.554688632499101,-0.921014599934722
325,82.447123165930833,-83.600394891509836,-33.314321654197975,0.935820483754668,0.298170743817039
326,47.646059627000440,-95.853930595993802,-30.672467735625045,1.334024146510160,-1.175129495043770
327,2.987428965139317,-70.675113667669692,16.581937651679493,1.819483608182537,-4.797606180486014
328,48.060347301731419,54.153666252904962,-9.014965444826721,-2.170235091658768,0.270151059211532
329,80.259502060324621,-83.034379747151746,31.480797989523801,0.162852244281453,1.182656398825621
330,72.507430783862475,-57.549757983796603,-45.192580039229213,4.658585231280199,0.315052819405182
331,77.605411575745194,-24.870230950592621,102.104258722042729,0.329047891582768,3.061874948330967
332,60.651890557061250,-85.168555933526804,53.290116328147825,4.747563610286676,0.286237156566571
333,93.880465993895953,-95.867477080113019,-7.482325629027165,-3.424094313182735,-0.426736762948066
334,68.010061455126888,-65.390343879205517,84.357606787005921,4.314328285484237,4.937067212015478
335,41.957069215592483,-95.189034106726425,20.258217846552839,2.156789646597446,-2.165211918308962
336,72.412190990175532,52.918589027651180,-3.720933652147721,0.437793817869903,4.056443674369414
337,64.412761431149789,85.984453436532675,91.356699490899771,-1.287006541141977,1.887329681537864
338,33.575128984817937,81.226753080812841,3.409813726018057,1.382405566423728,3.581801779374638
339,89.297997326966225,85.693591572202166,62.613232849306492,2.684027613349116,2.062970085259863
340,39.638544643947554,-71.665066638619862,23.427436987099160,-1.532949710252751,2.997465389536735
341,49.528045862851499,14.876722364785163,69.853920184068485,4.738848487378178,-4.525842275154446
342,83.372343737405615,74.407514767249097,33.412941191106370,2.849308230852898,-2.502082312985365
343,40.246252859704462,46.928976714497836,92.453906781143445,-1.387291906078758,1.207412974649458
344,3.710050422372946,63.311486790815941,52.120460364848931,0.801870453000930,1.617615876827116
345,51.541408990912856,17.968098617620988,34.766962849054281,-0.212127552704722,-3.219745674494234
346,4.895855501360619,76.016046894030396,-68.273605609797485,-0.863616432794601,1.988713838417766
347,19.553883954836781,-15.366416627873079,34.016862590329005,-4.730144807197068,-3.018222802691284
348,93.765528790482364,30.480481650179328,32.060323060150033,-2.705079845427782,2.069766663524675
349,90.112061765036856,-82.370048670995189,-45.183742350201975,3.580469774860973,3.956625498717159
350,87.636118774057735,-98.596157330024184,40.293501973008006,-0.290802183388905,-0.098527485143052
351,80.383473276889106,50.764382810752338,-64.453525825003283,-2.249700742350669,-2.292928967184338
352,42.769138297952473,18.055333220104099,19.625266174397176,4.022693667284294,2.221874061807760
353,12.235504840357981,-8.616340079204058,-23.563043629188908,-0.448102332891587,-2.509998476670106
354,46.177877394683449,79.318517546596880,-97.618664802953390,2.292038076924996,-2.295838431047770
355,74.922822381906471,0.894582814831175,52.885525124592000,-4.391122074110953,0.817090677143639
356,89.233479926501474,-76.415156362355688,-44.827989122602169,2.762679631113940,-3.923008442451348
357,97.685871498704174,32.356997371717839,48.621302165374054,2.789778924002562,-3.527674517331292
358,66.723028646882227,-63.623739598831946,66.978222811135112,1.862134867710807,-1.108813386451857
359,75.104063340768278,-15.859828652391904,62.582725478364239,-1.188884274080593,0.208820074889360
360,95.642742522449637,67.692840263103662,-99.674921996603189,-2.668835827881821,0.009757715056224
361,45.826904032134458,70.761224288613050,-72.610678130748980,-0.138795102600398,3.825427697177020
362,85.794954875445654,-18.089559530202798,99.962643490904611,4.176481471013105,1.493163443673495
363,28.693627179257597,48.467839670159854,35.278604312104150,2.257570201302173,-0.602475749725784
364,83.072943759938497,25.067804324797162,-86.242863530496322,-1.612247867740990,2.227870857507952
365,73.703141863887382,28.181579724372334,-27.445078082328454,3.184860964767999,1.067421740898133
366,59.187254260743195,59.119434040084386,-18.160621560254345,-3.035729605560888,-1.803755052970679
367,83.294943531453939,-33.924615350471420,-45.685140528753209,-2.180868715177553,2.984792215709930
368,20.820754821770912,25.461513245160088,76.883837825195471,-2.195962873104129,-3.828583251682005
369,82.946730715070672,91.463603151170190,44.845948924343205,3.372803661498125,-0.859919826560329
370,45.040788426226541,-4.555074502209298,68.631599726153880,2.745318974031630,-2.643347560817233
371,98.997472706301693,31.024916579825096,75.527767087927430,4.952999144741099,-4.354811848446616
372,59.487206001636977,56.028683527526304,-91.996013963482113,-2.503363573739392,-0.486789183099745
373,88.373490281875519,-15.861574698761371,78.827376219620007,-1.695564965171403,3.623844233525375
374,25.721030676210777,-14.561512089820393,74.320251397182716,1.105338634146680,4.357668156190186
375,99.978815734515564,101.674949433478801,33.053895199712279,1.416534589416329,1.035989932132964
376,90.953026132863585,-64.525748575507464,74.552088033923354,0.773980551689135,-1.597267146748038
377,61.576236853678985,-27.379345283189352,105.382857634712636,-1.707239683214468,2.755631796581071
378,89.855521666100017,-91.941147384031979,-86.447366655335188,0.691248222785390,-4.154169044289091
379,22.628978058259399,42.381266758901539,86.115268027695365,4.410406377278164,-3.503517798370126
380,26.909103450814982,-84.266146151398033,-86.615071368538011,0.639597670338787,-3.879394149785043
381,43.007331424401791,35.167626996755345,-39.972620401887184,3.607794076841842,0.118738466613877
382,82.335809331745466,86.933012640833951,-84.403267327571427,-4.661298295627603,0.781024519488938
383,48.406458335311349,-8.045137264251437,-65.134258957916515,4.597485412756264,2.698640151533738
384,49.390233063160935,17.442970911946471,-46.802060449392037,1.975203325627994,3.844891939128559
385,63.707800113995830,8.431588157465381,66.886620708646547,-1.314104519805959,-3.917196160870873
386,55.073453106555576,-65.667730338513536,22.832522445946395,-0.665053876998911,0.675735060893423
387,55.016675107319635,-38.378166754685736,-37.490530129113793,0.846032979639588,0.497687061603003
388,98.008655926436319,65.278792508786140,10.253854546009126,-2.274484791568199,2.522232231917076
389,46.151645172335748,4.964316111603014,89.829390222226564,3.622819399218447,1.492809101622328
390,2.936874270030979,-50.679357592131055,-82.697936318817213,-1.725270253480815,-4.129938153305801
391,40.288744305074296,-83.223476368205283,-89.505272361756226,-0.661544636923850,0.736746936548371
392,53.000588261105584,-69.300484033491628,57.713717244583250,1.711524515120288,-2.412713919065368
393,24.973586811484275,-1.860153078423757,81.428885094338355,0.129798779898727,3.379377313029863
394,67.149457112852872,-34.909123599242960,99.387067755013391,4.862716402441691,2.030095455788938
395,37.954253434678023,14.147480799650817,11.893470536394775,3.438343535676136,-2.635377719654208
396,76.925006781104329,-49.657271630144464,-35.544302470136181,-4.235884244656418,-3.769726729729328
397,51.807098932241864,57.221007889481534,-72.548822016381578,-0.743795876740094,3.501681608666729
398,4.429028096290545,79.474362933702565,75.275435793550997,1.723506862762747,-3.905106332199892
399,78.573478021698463,1.149635439657291,95.073246006218170,4.551712382312179,2.667475005387132
400,98.697361725318160,-35.810304442067675,37.438746248147773,4.448803620591590,-0.270935684143225
401,73.328514025295036,-86.670773025617308,43.619296674970649,1.524148963455474,-0.802137146634863
402,17.129237203340853,68.758693132462128,79.159955773021181,-2.028820878144444,3.885336052231736
403,63.672061167361953,23.472017529833295,-40.545650862046266,0.971315797842109,1.315144952781111
404,91.040196668838391,-99.081787122850727,-94.433493499968264,-1.348298619474519,-3.386953309000518
405,85.865774614900900,-48.260980053580077,8.789910581857992,4.814768187452856,3.289562050024042
406,32.929250493698902,-88.986068129799918,-0.838756448874902,-1.705477975986014,3.137211040745163
407,89.483458963850822,53.292415018550066,18.579033412747194,4.760907259160518,-4.136804686273798
408,67.132611970355597,61.238168710904269,-71.540985428585088,2.547355189384959,-1.621752321987202
409,52.725005663403067,-44.530964213151059,52.764245853939144,0.579906476441394,-0.014318867619423
410,93.567228266291963,-80.366764833831454,102.810961815851542,-1.456600282078568,2.543006302797579
411,75.199131084115606,95.582334257793420,-19.834372165836509,2.477003254698928,-4.574188791731615
412,46.012012284992451,-50.016193884989640,-42.608377161538272,-0.980022940714065,0.895038054365216
413,51.686479063734375,95.549289830945625,-78.608788213095735,3.415792989598287,1.629118307909039
414,7.596086313082266,-13.885112432577969,28.803546515967568,-2.276983633190444,-4.125669919111097
415,12.250680224660657,80.043722145650122,36.060399169824208,-2.750419036953389,-4.028339435193473
416,29.979195804309455,17.458986130471803,41.630952054024604,-0.947479014278230,-4.751812665027444
417,64.078666521509518,87.384928923630852,-24.819056942364718,0.160122211708824,-0.896126863676905
418,75.871336689896069,-9.749132628189432,-87.875241529182048,-0.928080434262490,2.235996970563292
419,70.482631536545526,-24.351047403707216,-52.015078380960013,-3.395138921837670,3.052431871611461
420,10.614529319209963,-51.575131639256355,-55.495420235762616,3.072773238262982,-1.169121521159511
421,25.071711215786745,-32.422956264482458,47.607277645063299,-2.319348166601998,-1.615604633996170
422,80.802216191886984,-70.671305038227985,68.128522668773130,0.759840993046623,-3.340520637840427
423,28.045541465084131,24.291342451756904,23.563745474880122,4.623786611482394,4.751771216731449
424,80.573075953409827,-15.626836378639309,100.582497561947292,4.681967806621401,0.808060420263246
425,32.662089920437950,23.857857082860271,-42.921880903373257,-1.317978790511631,4.724532447536234
426,7.064191113216683,83.821180536267264,-90.797367163172240,4.558940282402091,1.249308820314354
427,66.695431884400051,80.563753080872331,-73.173379307979545,-0.886789317252124,4.351364321683349
428,90.747877202989059,-82.714364192067464,64.975657975715762,-2.264916372801196,4.969596180014690
429,70.052617090986956,50.347320564157698,-36.481154906290108,0.279398997496827,4.299985313789634
430,10.797299378050578,65.856166710406569,-18.530588776521064,-2.710853420614967,4.525424690956292
431,85.033516522880689,-94.123655101728872,95.628790878156735,-2.171404411557631,-1.474557609261495
432,99.636623804684831,-67.070280887474041,29.411244025698657,3.733327908592798,-4.389264639733703
433,33.085108790966522,92.802362845810592,-12.401597058581956,3.348222279928592,3.702007324307655
434,73.007861837819419,-35.184479417034623,-11.570893554147517,4.801838342292442,3.879558140507910
435,94.207880202073881,42.958085453308719,57.919655136342094,-1.247566389731602,2.635178946256644
436,87.286974614314730,-74.504418179199035,-66.115122253377265,-4.716127196936526,-1.518256148280273
437,74.114703195002832,-71.171560698857519,-12.903890287863321,4.514668423961155,-2.772074381647549
438,21.039151165358348,7.487788215552341,12.862519486263736,-4.488200230245853,1.166937353107667
439,66.993797084898986,-71.325681848439103,-7.059648504977776,-3.227472842509371,-4.519658241203484
440,75.371533345638397,-55.047871189398315,53.396530803844570,1.567430904244560,-0.728195517084984
441,36.720222852655212,40.159513937062798,69.511347020426911,0.548632290122697,2.876882705871964
442,57.189557519465438,22.754325324424723,29.519686526483991,-3.666979591523223,1.343110970417349
443,8.600529113517938,-60.176874309731801,18.134447662447784,2.728956568682150,-1.869920978564110
444,23.390153680147055,-33.602669255433860,-57.742751667743875,-3.374337044628817,-1.841704272194278
445,25.686727377264752,79.199803051530765,94.483063145437313,-0.291426930689198,3.147192403510246
446,87.786741179819444,47.918905994207954,-61.434533372194622,2.566368577266331,-0.279859713780795
447,81.689218926349739,-93.126073718451195,66.829601351357354,2.278430318009583,2.532910424690726
448,40.284880429528855,-44.951687438179505,-65.098138622883084,-4.085097886478550,3.420495047130601
449,80.545310182120176,-57.382350724145560,59.077290625972289,-2.885346705358671,1.527659203559750
450,2.789873162174928,-5.660702502862967,-16.587150706975887,-3.152381237547575,-0.459473499911844
451,12.803174087315270,35.080644999482551,41.206494103522822,-1.144170083232510,-3.905484885139643
452,5.281284958151967,-47.521381025933529,-35.815339671047617,2.221370611382412,1.060298659283987
453,75.880297778914013,-9.714896495113491,-30.279781121544762,2.561684623255100,3.095412462837643
454,60.504067092676650,28.895160440806979,-34.062691533276052,-4.738451728488080,-1.499283316683275
455,38.970788167562105,53.479941235456771,97.826830987791539,-1.614141968302718,2.705981628814413
456,79.855208971435630,-87.345458021011993,5.461664307712786,3.548662091728261,3.381376554079374
457,40.914783061315369,-37.247463092034259,18.784880157738193,0.719859332558670,1.712286694431242
458,85.510639927032955,74.114580176142084,-72.663236814246062,-4.321907470176001,-0.541068482820606
459,95.733410586354296,67.885739878062225,7.319344738408386,-0.602051050717023,-4.471969665141895
460,98.850786337963953,69.440384759285692,-22.197758049311453,-0.402178961525834,4.749049149719120
461,83.171282235155601,-85.755865925084976,-35.308343468890762,-0.806814169850156,-3.199063708664696
462,45.332908084174292,-38.469957157630901,-58.040695132579984,4.551928465130217,3.082150737717271
463,29.749722678828281,-97.428354050044433,-27.974333714938787,-4.175300689093575,-2.878882574049690
464,44.196552685758235,-94.988742051988112,-26.695716384705140,2.153578940010448,-4.187347937632779
465,58.051496810408359,72.478263806554850,-46.526923823726975,-3.488776702329233,-3.141034444990964
466,44.241335591732280,21.933562461974894,83.333360746005710,-0.682622806500888,4.865067612669094
467,53.424418158208695,74.533113340995257,23.228938949617721,2.360841066842312,-3.466132913646369
468,9.819551975227402,-67.656479939443798,82.929983544972657,2.784306210705978,2.006062002622855
469,1.795971648495120,75.663991276520107,-36.238924918014519,-3.547853952088786,-3.842567145424525
470,5.575885083382333,-63.124264593049006,-67.203400081795849,1.393598138775332,-1.458936222738316
471,52.591353791150738,49.837252252741777,-11.230682112928198,2.059570137684474,2.162752805058599
472,97.617900578129507,21.126635953587940,-38.370369516948614,1.427876854381438,1.731156930232558
473,63.662700215211686,-75.221902036735557,-34.200392623329691,-1.733112224067668,3.498115782419120
474,55.870818185243209,89.767508458367885,61.765726039557798,1.497258902683996,-1.242874949143058
475,41.227478142809659,32.107083930056319,75.937159651448127,-1.291085510079171,-0.748268320095491
476,48.490148956084475,1.783882626320824,-87.606614593818705,-2.882751467830658,-2.634745253581627
477,86.519976405343144,-37.435293404710151,-3.431368656543779,-4.245489790210755,1.735053497978578
478,71.363297263742041,-56.027753752777485,-88.317744402011073,-4.337201097274956,4.701088848718626
479,78.926858814052210,-89.814828308660466,-64.798353293833429,-1.842709069391901,-3.843022748498015
480,65.714006710497003,87.624318016395748,56.414813117844531,-1.190971379271133,3.464422040660153
481,61.321997988027682,28.982674241969058,-56.631372007384705,-2.802545825712421,-1.140228248325670
482,49.524789261847019,-87.068302629159149,89.170837941530309,-3.593826213493401,3.449738066463226
483,50.634524500224288,-42.212216553568261,39.576650598109680,-1.554052470627454,1.821947393091961
484,88.224137556187259,-63.488777865406099,5.110651396541371,0.478766383734452,1.689036528466437
485,13.057014071705440,-71.380897461989761,49.701269379998323,-2.761262074322701,1.783146797655988
486,88.054657068448947,50.418067877363839,-56.999563531277275,4.077379896569866,4.980514534730318
487,30.143991410401682,23.314373352523919,-79.363785745992885,-2.371900404434157,-2.410860779062318
488,72.138884222279046,-91.747691674597064,17.669967386016687,-0.324908119639389,-0.656961721869642
489,40.373375778139639,33.539185871128161,-4.815632927226936,-0.466508965070744,4.741857764138402
490,57.577358286341841,79.729470639845587,-84.870986812092355,-1.797198366433150,2.115116018089935
491,94.395133757538474,40.781141351255044,-83.857970495912411,-0.661475531597233,3.629469913818184
492,4.989428272580868,-58.713221040208666,99.063184180315773,-3.809398616380122,0.182433001548077
493,23.333065449416832,7.941969494928548,69.038079770686878,1.402790247601882,0.406013180284504
494,14.194607707350952,-89.085348693859004,-35.240616121237700,-3.330203253926101,2.730652960289603
495,12.061501079153336,105.741704918438217,-10.519912951058377,3.093605413927492,-1.824322281212876
496,14.068324003803278,-16.723879689751286,-62.867846192402482,4.978836109226137,0.231254544836546
497,64.606339618922107,67.228483014890941,41.012943136522772,2.199677680568612,-0.537753431877164
498,73.119924733395067,-48.920919497355328,62.259925661311733,-2.278786361657836,-3.961368947459931
499,66.134318937347359,23.799826973204187,-67.113862858639848,2.696255276195636,-1.498712279970960
500,30.806518444360588,55.541282040239643,57.946574441223490,2.290914407500466,-1.918255209350050
501,40.864264368936730,-80.083772095352685,-93.325889041620599,4.116875562429811,2.810327056305084
502,25.671579909547301,13.969507144555235,-87.731837667884903,2.675473309445842,-1.416386526690161
503,4.721054792196895,54.942397106071759,-3.054169137861872,-0.418300813212724,1.894400803214236
504,78.218033616898509,-33.317242157677001,-82.246729571196198,-0.971884964561198,-2.044654672603485
505,26.370705755500619,76.292422437502807,22.125238283083338,2.889710191911377,4.035957163112336
506,87.213435533261986,22.700955601336936,-67.384939136334069,4.414113193188740,0.754560953063077
507,4.655082697223651,71.369640804157527,88.378160999804876,-4.749516574179324,3.226220979188099
508,28.295772128085446,-42.435968283665339,61.920700268091679,2.883219038059792,0.446652513599943
509,41.393478839337931,74.219445845255834,28.487280286219651,1.555218535702352,4.850497139248588
510,83.627919829276522,-106.434556010521291,102.575218347174314,-3.225203901450868,1.395358157271431
511,22.848535563477952,68.158126597776473,-16.716179551594301,4.773518791059672,-2.895303315710329
512,74.344551138685418,-1.165667608261887,10.640429323064636,3.343264737682672,-2.019802735822385
513,39.965167880569226,65.646612368904343,-97.871319291171474,4.515103861458414,-4.777767510721986
514,68.208723344274702,-75.793458061327755,-57.627805498317279,4.947420103530931,2.957628802003498
515,94.762941941816408,12.681795166232886,70.582352219610513,-2.736439883562447,-4.754931070512924
516,74.756038696297637,49.642687629214713,21.854158973208513,-4.800475100233115,-4.736711791102444
517,71.417871922232678,39.140556581644823,-64.385658687280767,-3.078324390127918,3.038732575754466
518,27.787340091105140,-80.190487092744036,31.749841201688021,-4.816560265569336,1.114392717931167
519,31.423995395906481,-35.142070925976583,-81.063408733232663,-3.694674553357302,-2.384599379630004
520,46.052401430870638,69.925919496581642,-82.553600977227859,2.858556307822369,0.358726532033415
521,94.556505870368653,-51.662223586899700,-54.737681060725549,1.828321494233265,-4.056337609114635
522,22.018158013971934,34.121584131908712,17.830323829058351,-3.950698968039390,-0.628899247599435
523,44.193787849640742,30.661184970338009,85.857140229834073,1.595304501390693,-0.947453778888274
524,76.380740784136677,-26.893831258810408,-37.215130475396549,-1.287393408122917,-2.036978793070432
525,27.455649647705322,84.896165387881695,59.258031891878964,-1.967980471287234,-1.873953590635580
526,22.908365542673192,51.769107282098226,-16.689867845245537,0.118127808460144,0.322437803892939
527,57.303277554888069,89.752794099004689,59.385907335131293,-3.456451089505919,1.074345605035987
528,25.043443624055644,-8.140428733221952,20.140540186468247,-1.913993013671522,-4.882016545481171
529,97.518129418560633,71.783289156154879,5.425803801993707,3.813266414329064,-4.797544607126314
530,85.852865037783957,29.251203556449425,101.611565030659264,0.971115158224478,4.045595033390015
531,66.881483010159627,65.481357834363990,18.555796085991073,-3.020031742701690,4.183087318189393
532,83.677867346591839,30.906849994316996,-40.889530178262923,-2.791685150299905,2.432782636023134
533,49.742090312643398,-106.792457371134219,71.937222699023678,-4.772117611150861,4.393650659401516
534,26.979178220550995,-1.621407239526516,-24.023239117307032,2.418805338715435,2.318473103730945
535,99.527816683038296,-9.646038411374990,-74.172873791024585,3.361360212900610,-1.931401409486000
536,59.155606192178801,61.676746659204213,54.632376747423798,-2.656238038916570,3.015765807167270
537,69.367897832038608,56.872681157835814,-56.919194080346927,1.131760882340416,0.332442416500811
538,54.796800569360499,10.192641408803709,28.449355634765595,-1.263773067439011,4.669925035122446
539,53.650174709014728,60.756355736298488,74.601871268300940,3.830975368033407,-3.381216048154556
540,59.794606807945648,1.231294979702320,-66.729984740850298,0.712035844046011,-3.347279536642134
541,91.671775769262666,-19.014807018193913,-97.172731526287166,-3.032643637206611,-3.369714226094089
542,16.761553333583223,-1.273922479449781,34.300924821840624,3.056464544716575,-0.374664978256334
543,82.485717969987604,62.280644556451001,-64.649681552885440,0.255223724624898,3.782095979696720
544,96.593943927833934,-1.604176275027496,61.903294477712059,-3.631477385392146,-2.180175012708574
545,44.265033569552287,-40.437987827099370,-11.851685414858260,-4.521758793444519,3.759867515713733
546,45.599772215731463,-88.354616027107411,-72.655128086881533,-4.187352206103157,-0.959522446951411
547,13.903788332976726,37.093222382397656,20.953695316994704,2.806555273416578,0.832825190572706
548,34.237934823409688,34.759652215236628,-13.923459472788590,3.814472576008399,0.398646107608247
549,21.051313619633003,-83.534840223061863,-49.588196520707058,2.925961113716369,-3.352588040977622
550,7.084358306661017,-80.693678239301263,65.333348074584549,-2.326354392409513,-0.547107988271023
551,5.329939226837253,-52.731465546550240,18.652342649397518,2.773337062692249,-3.002620172837389
552,13.075291335105756,11.659042617284364,24.012872444184978,3.521478737862349,-1.270202033727408
553,57.365339758798854,77.975739973585902,-39.081299445369872,4.456626885276904,3.879585473556446
554,90.883871075308790,79.180733608763504,61.740645312050802,-4.117864802996962,-3.139266610116564
555,28.578116843220890,-1.141109706139641,77.766179584818175,0.999457588080499,2.836168300908781
556,42.755479712604171,-25.802984720588746,-58.500539015720129,1.887051841744736,-3.062463736717547
557,79.565691851272064,84.720807991273730,-65.766091729876067,0.223181256156835,4.588252381184788
558,92.934074179026155,94.992023945743895,94.775441949697210,-0.027223129296061,3.272085504816857
559,50.608411811362402,89.815905620921313,48.493990475325013,4.039029927087512,4.498267288006730
560,26.500040884263527,5.669374190389137,17.431396876155752,-1.478151289233764,-2.664469775805500
561,9.214234525075662,27.805175576880906,61.639994414598242,-2.528683199184734,0.059178824501416
562,18.781219364471799,11.383567126234414,54.796122162924526,2.344212538284207,2.648535303688249
563,62.949116316244670,13.766922421357556,-57.760489123251880,4.657382348020089,-1.279059985252218
564,64.890403202431756,-97.653280013745999,-77.820929228773863,-1.044089778664414,-2.906018076168948
565,63.755621699484337,-31.675345712193245,-82.317478440922656,-2.879326354364764,0.028571037751135
566,10.065104041774433,84.895238531466603,45.767243102029354,2.077275356885622,-4.773141254259983
567,44.312217173043322,-70.434524851707764,25.973618121964183,-3.179832017059425,-0.152471083363892
568,75.244667005184041,-36.089366419918896,15.841262376099028,-3.745878092069077,1.177304933244816
569,85.420340814940701,13.598005191923974,-39.921715535296848,3.598377053631197,3.277999431985634
570,65.799435465377272,-64.569636085253521,65.901222556820187,-2.346544083582103,1.015670529258728
571,52.331590774739567,75.252251889726992,-48.400872709264455,2.079911543325608,3.508215387025970
572,22.244924170930084,9.722651755603344,-30.924961772623142,-4.436999034806455,-4.062977029383674
573,7.745541556140497,-43.431824890681327,-71.881238032112009,-3.588187834454004,-4.213993002042571
574,34.342618709344912,53.281691545041333,40.548431849548130,3.874740721635916,2.931139095196755
575,65.111697049783004,-55.749344606752224,-44.361323044409851,4.249395365435049,-1.117415422710621
576,6.857322510490958,-28.407909697637027,-82.822043617693637,-1.862214969337650,-1.614713911471455
577,62.934787575498653,-1.443420334497727,73.425165564695405,-0.994459448495821,2.678738453668217
578,73.560774733553089,-81.835990347737237,-33.103596660697661,-2.789346271627835,3.316169767984789
579,3.072651483258475,92.638101468001580,27.119469083127420,2.751056715823808,1.750845371348753
580,82.760959648054992,-64.837598691953787,-20.930416256750934,2.198797416663467,4.018904775475818
581,72.174209954949902,77.607531755896900,-6.491416625993224,-2.701060825116741,0.359366520889814
582,62.065541618258010,23.584301647216922,-82.020589191299905,-0.599489456502944,-4.953221916549211
583,71.714526512713178,-14.508914509895773,10.061215197747702,1.472220064725693,-4.890946904320881
584,15.007436749050299,16.442519803914951,-8.618011356228600,-4.237326167335631,4.525923014597133
585,63.097935024257055,86.558333012525239,-33.608522198411464,-2.156413410747149,2.149504163627114
586,45.795452224544164,65.322153549400014,59.983284969374978,-1.435662477684474,-2.367016842977776
587,13.120506056074431,56.703238372341040,94.378598364207178,-0.525162402647439,0.331238951937962
588,65.805317475458139,-30.945191336683909,78.026415954457278,0.539291994524049,-2.049736396533319
589,55.733923295143818,-24.134519719343626,-56.560100901275668,-0.857118371985521,0.197271499012075
590,95.314293678781169,43.946233123489101,-73.394778554146157,-2.793945454639157,4.687999769575413
591,61.313051569514656,-12.317958235200400,21.277499794713481,4.747160619679747,3.498141145847811
592,36.820746942889294,-67.783754224709384,-72.950094633030972,-4.145922886793585,2.704032926926203
593,90.042982317438785,-91.206560052092513,-98.865507651242098,2.858394819620003,-2.889865020982540
594,33.495624390151413,12.892721798775632,-64.208982649472063,-0.560731589465302,1.386184179378347
595,16.055294244468989,11.865027019106408,79.729359060878494,-4.108286208253720,2.620019124755402
596,63.942700155582287,32.633163458402578,25.309092173211685,3.793043879946367,-3.870478360281737
597,53.892273511177187,-66.518099170911000,-0.001030880967557,-3.059061044282885,1.595151430718411
598,44.794184646708928,2.733382524656088,37.172308763686367,4.362558636936287,0.832687997216652
599,12.383265201998590,63.084800287377561,101.943933743657581,-4.389856688673888,2.013929189188701
600,58.727379607742016,-6.002006829068955,40.818695387561725,4.462128389282416,2.461026670165012
601,45.341760855016929,83.040006746703909,65.523377845274354,-4.657982798933347,-2.309157604364742
602,60.703864294347056,-10.476978500933170,-16.637841347855236,-3.678486402675674,4.728617643092292
603,3.700771338454095,-31.356011778692395,72.513525280155619,-4.870342377337877,-2.751020498448753
604,66.674883896773466,-36.396391232132295,97.593355875472909,-4.702851021150067,0.180557241586143
605,46.858104782425031,56.628413650847726,-52.711702383120716,-4.480944423205457,-3.824878571093038
606,98.865403430286520,19.137449407867027,-98.131362049791719,-1.641567278015010,-1.920217527698753
607,84.962303305144303,84.520072006266062,16.117536505364782,-3.237700299580126,2.153746417734048
608,49.000970868022812,78.888832576159174,4.776363567101023,0.221716910809988,3.191667059311953
609,59.801980234121835,17.563665633387515,38.303855786417635,-0.951400902907551,0.502380186908269
610,57.893697461454181,-70.346803430460724,43.572987819992861,-4.082055209632074,1.429926605676002
611,72.167941203922553,20.023654392284644,-69.955045177385600,-4.839701795618367,-1.187662349377661
612,44.744946890959170,-18.904709347581580,5.636194426772305,-3.453544667376285,-4.871388471594162
613,69.005011101273993,-36.225377235301202,74.951628589445946,1.111538723534977,-2.746923701563020
614,48.691446014876753,74.040589940841443,49.446327714134789,-2.598697546434181,-2.683318907187626
615,96.041164365001052,-82.753762926404519,55.884434987406678,-4.969249956346289,4.578939963388251
616,68.514116975772851,-38.937988513480903,-39.596665877597950,-0.869783649084610,4.530904996556728
617,80.112149121124816,-32.335935759968244,1.799513190104854,-4.035953320466845,0.789158036154392
618,30.555647032463948,-54.035173508108272,-44.298304279770974,0.241370471577440,-2.424235695301036
619,51.912326432670483,-19.928304295087031,74.995828164817453,2.383830778923368,4.020911930366822
620,48.353731737752717,11.460206181071110,-83.183995483186649,-0.132444927960140,-0.350331257568826
621,64.916139654659503,74.225284326337061,30.029665569438951,2.727970465273444,2.652206718727435
622,41.312606474165833,-91.704909768846605,-101.377140880921431,0.429154360843143,-4.178044463744612
623,86.508067347599948,30.075866627498570,-87.002095901664802,-2.888574382232179,-1.598935110689581
624,54.729388544989114,-8.855251622469048,52.194643192850634,4.371444814157677,-0.054290636654386
625,28.227001183127896,-37.482397596545354,73.761127148774492,4.992585974954977,4.150977559488922
626,45.362704834920358,-68.782125038012865,95.269883627003381,1.315435768007234,-0.719530530575696
627,72.282976784677601,62.675416320025420,60.563160124445638,-3.794585255971228,4.312085951319489
628,76.599223109848907,16.033386829125902,31.013787056486649,3.148260552816051,4.767655553328076
629,42.547583577851476,-50.456823241934032,61.286756317292209,3.595264256342645,2.713994903042760
630,61.472093793138264,44.874289063346822,79.549473924267843,1.399661359828741,-0.467752433243618
631,2.276858701024622,84.058795801408664,-30.747717340929785,3.966121115247745,-2.641766450311245
632,19.032543020920809,58.297480808387014,-75.383068538517250,-0.628117773045744,-2.848504602168589
633,91.372754836575552,-64.035870643705920,-55.005956898853121,1.090648803694449,4.994113961526025
634,24.657988268116139,6.518287695818522,76.657457266422369,0.845750058740435,-0.784629846059204
635,53.967536878478668,-83.605816320876954,-8.948350779007034,3.689273500832257,-1.844555914729717
636,17.777218744880969,77.287917133562743,30.990724272299978,-1.024901558488978,-2.876631095166005
637,1.509489182659005,-31.924165050600944,62.187150967989496,-1.761680352096207,-4.024081718063499
638,44.924202389423684,-50.896889841333582,-15.663401000119485,2.725203736386206,4.644462174526964
639,92.551591921847219,76.506461224839271,-4.955457047717965,1.868954730578309,-1.788259627885935
640,4.495608527779331,-85.930346440077670,43.178815025147173,-1.267870603970067,-2.224937444826836
641,50.147259891692265,-39.623346291613501,-47.880948043176815,0.973426520524967,-2.192061052771876
642,72.280750616618192,-50.256524819608082,-32.286074041315324,-4.514185620997324,4.111291655761562
643,8.080183884839727,-43.381999268017168,73.917715038212023,2.229388693135803,-0.112688257203075
644,55.243358459265970,-61.478615745800219,47.351985644373919,-0.820027759897357,-1.280294120008918
645,89.577810950096179,51.679693251739586,26.094218215563199,-3.872983244819750,-3.353357956145331
646,60.174231799398527,37.560953955569055,76.113483888391613,-0.565923962478365,3.020414570006125
647,81.154080339636138,81.550347925411188,43.052592690302731,-0.903682490594093,-1.512214145664714
648,59.406924769964213,89.156718452975667,-1.158692674938104,1.223079332483934,-0.743091953658692
649,36.871904475140418,94.194623705483565,100.473197772445928,-0.021330490672966,0.687968792461646
650,86.577196753973453,44.898638232225828,-21.913447266289687,2.159889941685478,-4.796396033390771
651,27.789136963565372,-6.223877119187507,14.800929827313549,1.505304075814573,-4.880116711115345
652,42.825069965701815,13.141363943296515,-22.818580880521154,-0.293448833149501,1.400813695770964
653,49.872218070158759,14.504954348074019,60.591210591514390,1.357181698188548,3.528162334962559
654,96.382859811156706,-87.013765301413656,-57.812263386751731,4.914244607186902,-2.113509710432027
655,59.930418671469397,29.604352557192566,-56.175971835343937,1.306572532264205,-2.595548503077438
656,87.003397354710458,89.715013881999568,89.735479273740580,4.700861811162582,3.284273265986570
657,28.578452108239333,-15.218263831862163,-12.371190472482663,-4.753218336481080,2.415401642791259
658,95.158184346899276,38.737438284480739,-41.938290005557313,-4.156834111254781,-2.440480861479344
659,55.413507919880580,101.548615868005271,-45.705653020641300,4.675822514591488,-0.997664322775904
660,11.124559062383168,-29.322849033225459,-90.118253165919697,-1.534036446180309,-0.948992050846442
661,63.052684446807490,76.054846920403193,74.809385789580162,-3.421237347495065,-2.209305351465218
662,46.147492400194707,73.779324252817489,-52.577078153527239,2.345018012226063,2.514716511281279
663,3.828697319559867,-76.148268089029159,-18.297299668110774,2.802872580188165,-0.145279415776756
664,90.470665037647166,-21.013441440356203,7.809607559549808,-0.608965166312991,3.381284602294166
665,51.429478790836747,-36.592386341228405,-78.808682804719879,0.108434682703518,-0.697593805368513
666,42.116800001945059,-64.489874142609040,-90.798575314070987,3.710475119350320,2.859975433700157
667,85.443041011754985,51.050295657113423,-87.258758772484441,-4.486487887846735,-2.014891197106294
668,78.323704461260505,34.264855341362384,-13.441438886787815,-0.684547428181403,4.023012567840656
669,78.301999105067594,-60.207069922215950,-11.945406387239540,-4.850376646007248,-0.353900530356466
670,47.934002509382474,90.577560459418706,67.774304505313594,2.536567918829746,0.344571100473701
671,53.214533763957938,95.979832473342498,7.495870540000885,-0.127796499419475,-3.006647551330222
672,17.668529521785331,-76.588419364623192,82.934297010726084,1.328336903508642,-2.598649729944924
673,45.161553611114343,-78.911655435519009,10.103057065923506,-3.294697074072417,0.975829449281562
674,39.464225941967605,42.254640940888898,50.479529958367443,-0.105483020609753,0.533369211726509
675,6.576289831136670,-16.011705417841235,-23.624732376358427,1.637694986165705,-4.889311031485377
676,13.137133473479112,-35.554589833202634,98.551342986348686,0.126585683859304,3.005315677248177
677,61.544866482304265,-65.579153859467624,49.483903174397582,0.565824497333267,4.479131758456845
678,47.623455903621398,-27.916492793427526,-60.343004120873182,-1.807566875834077,2.623396205968120
679,25.720769002747094,19.251734459154211,92.785731327220702,-2.362124299862778,-0.606511688114608
680,96.200163033586023,106.304778836595275,83.508159703241716,4.600486759386513,3.551446857844098
681,12.751632779991974,-104.905009728299461,-72.321125495139015,-3.991281332953633,2.072464541355856
682,56.818491652191277,-53.258588863534101,34.896824260601264,-3.563076671110821,-2.536173373535178
683,10.262395096976968,13.550688813924976,-36.761155526982193,3.292050729972384,1.587765391579410
684,83.946812489941365,20.740947150070877,31.375709127533735,-0.871648723314777,-1.940620084256928
685,41.845829082581048,-72.477173459364110,35.758927810236393,3.204209660468393,-1.027217270316072
686,4.937629153336966,95.629499786063477,-57.914615388494134,-0.334529787355109,-4.891612480127350
687,13.366516276896721,49.490070800423148,6.377344407244775,-1.262419024285677,-4.986465089652325
688,43.627106020200316,71.511477766257315,-22.115301374621854,-4.985603775312342,-2.552590130206944
689,35.324643355229433,16.345372480652518,41.586596932754134,-3.107036809388930,1.433287935267558
690,61.095706753835493,-20.424544515613810,40.083177758623926,1.865116698804314,2.668487021181676
691,23.665767235008225,64.617377589399396,85.619967874023999,-4.697940663361067,-4.762393743401816
692,82.574955999732055,-5.087170957783786,-41.510284250572717,2.344918251745254,-2.317400700329131
693,23.942735892082332,0.107586983643511,30.724802630080841,-1.333569620779274,3.213613973405494
694,65.219973523829168,95.103899268161669,-29.339929024827388,-0.199101301564752,3.067094773343371
695,1.307136174705004,-98.840621909902808,31.022502755577712,0.488925367393733,-4.194686243605794
696,92.289240560884153,21.504782208958794,67.689805147675628,-4.142610223679277,-0.815665221694672
697,35.903316966154009,-1.251721778624852,-52.622099487482764,4.746274424314723,-4.271097175339378
698,78.796614617597371,-52.752603834377048,73.652694046285376,1.528665661096795,-0.911480337398274
699,81.728318172505979,63.427393679123604,2.508010677533636,4.092860292922751,-3.970125901836741
700,22.073485617421081,-83.190485685199761,-84.804855579853040,2.656690628731440,-0.276922761989340
701,24.309960952715688,41.035583419347375,-13.089792034946370,0.068235189525012,-1.904414239432484
702,4.555446841252792,-58.046883802176922,-25.046829975177637,4.781991954818210,0.010175402467105
703,52.471736171112688,-10.964424799319005,-76.084637587726263,3.528436232784316,-1.984686970189387
704,88.089788543555912,-78.118202953764182,-35.775063560812718,4.440479042700929,-2.560152745192568
705,5.124938858227141,25.081433937988109,17.654033813626423,1.334503595314906,1.483364226625916
706,78.989789077763106,89.456151918682593,63.569419567764072,-2.779137419612709,1.503985826716558
707,74.745091084078012,-30.072425855100047,-70.158758761521185,0.617727462059392,-1.991574323402290
708,48.182304197591321,-101.487849027674372,65.988262894436872,-1.416178125745660,3.646780987882181
709,47.013343250104732,52.667459771214894,-75.832595407975703,0.907237668211636,-1.014435823339710
710,29.227072752648649,-80.643445564866369,-104.139323924207730,-2.330411494992290,-4.307806821324789
711,21.126363379186998,-33.649168053546646,3.084682985995475,-1.187950888839140,0.013977785220143
712,78.929555312725796,-75.681617000736765,59.463280149414082,-4.889236735700564,0.779367134680697
713,3.951907306212494,22.183890571912954,-91.011304427225426,-1.271119856412817,-1.525196646142035
714,88.480473874549560,-4.604557980239990,21.189897950820555,0.542361050207241,3.785747447066612
715,78.560947360001336,-25.648256657403177,74.566690553711538,4.838156575812746,1.087229126414968
716,63.217698921461327,-30.526871752344121,-99.723014952785192,1.143729762504364,-3.167850791989935
717,1.395425785018264,45.587950398765088,-20.602348296047985,-2.522735012110644,-0.952017937267335
718,76.910731773171463,60.033216319458738,-49.793884165548626,-0.290306405686636,2.693728035083609
719,63.069530350672117,41.783356987213935,100.225869251000773,-3.247603913118979,1.107230160220496
720,63.968600155839447,37.830971180093648,-68.762271127102366,1.755755365682177,-1.920369880590300
721,36.993190077329757,42.906419808094704,-73.073217178358050,-3.960354369808528,-2.140310267263601
722,9.415267803734940,-36.583587987362016,40.276302554260305,-2.791160756463640,-3.734633393744957
723,36.012307294891563,72.863791641731780,-88.552371586352294,3.868647356029697,0.100177877821039
724,45.735398617553564,52.291893567078993,78.575932690743898,4.842599566830685,2.727719832461162
725,1.529466451149375,-100.516446901798375,37.132721530437827,-3.815748190897494,-2.802032171878110
726,24.337436329940559,39.101820667074776,-91.797478739860381,-3.900366087775708,-3.260196057061648
727,39.831888941021361,63.505657843927764,26.688727464428002,2.238249027053740,-2.607172372860944
728,5.407680889039959,-17.726769423958640,-62.549667510231082,2.254920002054028,-2.242518042929831
729,90.921275227590797,-0.485597260056939,-71.262405910431767,4.649576173459804,4.345790439274566
730,95.499307422516509,-59.395495587131478,-39.189602979322373,2.677585742550903,-4.489383409878300
731,67.514798153477571,54.042983960206030,10.386486501722947,0.217407728954200,1.946738774106116
732,48.738724898077265,-16.594182879332511,-38.599575481310346,2.451032913762496,-3.416221100641081
733,18.102540505779999,87.250325539161878,22.215193042264847,-2.064411659674903,2.788101670876486
734,79.053616804371956,103.575221963897789,-25.816984843722022,1.999565266351055,3.595869432910881
735,56.085751460325909,72.277346066423632,-35.406231698790606,0.578676735056405,-4.220535360241229
736,81.024187296514356,18.062962202041412,-22.640416830105799,-3.082120000243371,-4.653616243234815
737,76.438026599356292,50.597388057599012,65.020688871560395,-2.971552836069336,-2.269418126351042
738,75.938295518292634,100.491597287391969,80.556612551056460,1.872423419651881,1.567987541649529
739,23.117891784290109,83.793520693863528,-74.348172833414736,-0.110269200222746,0.688941210645311
740,26.977708979079317,-32.924569973055895,50.346588721256275,-4.934374012804099,2.513558303099117
741,58.407400235444562,30.813876391586170,-75.624017600671635,0.443593179493895,-1.489101656899550
742,68.051691283463825,-83.070104427519198,38.861279059142412,0.043548414178218,3.351242369830132
743,68.794186257714031,65.731194549893857,48.766519431874414,-4.424576622949417,2.293119432735224
744,77.879400800249414,13.472029270722697,94.533611095869929,-4.478954169602645,-0.881264048859975
745,52.282663513678223,36.039815275418583,62.237196265609313,-4.308279861373165,-0.816995444832003
746,64.928313274932350,-40.533973206569165,94.101502728375593,-3.109437378669710,-0.907533172411945
747,49.002467243195518,-82.811867695446367,-85.557763012366067,-0.462435960771046,-2.962230852313752
748,97.558604637372881,-86.838984766839431,19.258958664641767,0.199525877599172,1.295654505879362
749,71.684942974101048,-0.728771907926293,72.651471695570748,-4.044390558674254,-3.289506690803989
750,69.792413341757907,96.956892215371241,-87.532160195435978,2.878047368116654,1.311670561845801
751,77.954641025912451,89.060275863967775,-70.073755319956447,-3.058312349643444,-4.529694157284325
752,9.046276814863059,-51.616417041368763,-1.254248488688601,4.261074193870229,0.765544424880216
753,75.267791996060808,14.479908405495097,56.757661207111056,-2.303218119915140,1.313825125326318
754,40.402805785725953,16.209008814813956,-39.799221862817951,-3.564622774209525,4.957864462427608
755,24.243590868969275,-49.785956494049259,-8.391894042657023,-3.126165553602078,3.258457526075720
756,61.819714972803908,-63.898805047141373,-107.741810525228729,-4.251337866135785,-4.581271697760059
757,66.933335774015660,9.767899760172744,-99.372624879908756,3.027055353610208,-1.853005692841947
758,14.206670646278178,3.613787997070781,-67.800512393194538,2.283112281424482,0.306081353255649
759,64.756476048261987,50.986964111384445,70.447108068634620,-2.439156972926426,-0.644749336949957
760,37.910355573179501,-53.847454151244321,-19.259363132124516,-4.913630023166249,0.054649013410568
761,49.776372157998836,75.262952147110980,-26.247748225032250,0.939719064312072,2.893912596562487
762,30.837894466176760,-38.109982716685010,-24.090696237914461,-3.328546622542206,1.287042415028772
763,36.806554815071422,-106.088735714746960,65.141887168356405,-3.386369266396372,-2.745129920460698
764,10.833597895405987,-36.802039863255708,77.186707843234771,2.369268163317884,1.800070596949155
765,27.145404288686059,83.661388402071324,5.040340489207152,-3.295942372435690,2.617143014344370
766,97.181475159815477,48.282350851999176,9.459399668745373,1.788408472054925,0.243403608098536
767,87.779913155348439,-86.597458266189790,-39.034733334336330,1.585083175542934,1.466734732865405
768,14.136088237605305,70.249045996882344,-95.948806546583953,-4.170949199199470,-1.319765918294280
769,45.267951444766204,23.325630943329159,28.055838770896873,0.100542320773656,-3.341672234406090
770,5.651962596677718,-10.296021817794818,-77.142927786553827,-1.471179557381230,3.307922123482143
771,87.070946274878423,38.902213323247423,-7.663423742475852,4.887856920555933,3.749147373341355
772,24.240395452315799,-20.262085764369317,-46.828112006353898,3.269871230615529,4.903932198213568
773,47.307601424965732,-45.889706386755087,-86.022843595226249,-1.274742936015727,1.627217668184500
774,18.274982502240604,31.213810922267459,-25.246658690588827,1.149147818793317,3.840023880097654
775,17.591859079837921,40.824735187177659,19.213252242239083,4.173788523719679,1.454030403618667
776,22.422712802049592,-92.990297956358916,-29.481397779434317,0.870140785693962,-1.459425049182705
777,45.739718816334410,3.804907386307691,-19.784161149431753,0.512304309533373,-3.826034896211716
778,55.669441289664150,33.192416959585472,46.594459954654930,-3.863252388126526,1.383012962712371
779,65.746770206108863,-74.676912917903067,-24.790433461519221,-0.550378074538571,2.850243183401524
780,13.266963191909092,-47.350165820749538,-39.783321758011382,-1.040953777678411,-1.856383266946438
781,21.666160214417690,38.228271179040796,-40.751567905187876,4.200522813059493,3.361680695073588
782,83.675354457695960,44.814448410744220,82.514863844387733,0.677687201358879,-0.274073107044615
783,78.665294609550244,63.481118725902469,-63.947600751045982,0.940793615508895,2.219463985012737
784,72.353943027026588,72.358196470496907,65.748699067815380,0.893194380867612,0.811388675079172
785,77.410971171148191,101.691010226771084,78.799114706802584,2.022022284440084,2.914796322628632
786,50.823994204891463,-89.680208592570892,-65.929189232063123,1.995444570260929,2.505692621356559
787,58.852533128529558,-87.054098119350627,-5.660749556570935,-0.759088775075867,2.905576469849569
788,36.521440459008573,12.916554127488823,-100.978870114124533,1.381575091589671,-0.933410406096158
789,11.906019258179576,-66.609531720275228,41.028591587299658,-4.828884915124121,1.913126248086527
790,70.271026733763904,-1.055744494631059,73.531973951599937,0.994649600483211,-2.353787100864224
791,71.327420296006352,-10.314772050580967,-37.167099351008048,3.068106168594564,3.322864527750014
792,81.235425382294110,-29.712123618632909,14.122546862996945,-4.057618851043188,2.399300354622458
793,56.823780407127771,65.322863706483048,-72.005900414623753,3.397170591304643,-2.352179185530190
794,20.214768787121923,98.740828346441646,66.211677482210774,2.072242438833882,-0.582726532572764
795,70.144621061832325,-104.120272540519437,-0.790913189331636,-2.829186537394435,4.662313480123093
796,12.234654592161281,-31.180339225575629,-0.427747091603437,1.646007573210007,4.958967681350460
797,97.714221699448899,-11.985788517004455,34.591172316061375,0.056836402497051,-1.081764448894518
798,51.584127222228922,-84.635890043777209,-88.727763199914463,-0.918238567046359,4.210205729690131
799,31.977260200242739,7.483404168295772,-89.547512091784341,4.168495102635372,-0.229580321889244
800,36.566562547786326,48.417038382652422,-21.594634617628049,-1.784057122585736,-0.464126103319806
801,67.583257936350023,48.948845279434025,20.637421325558613,-4.945713887209990,0.685801956730359
802,22.902344325177900,85.775269752285354,62.948058125829185,4.307990422088182,0.411705518413896
803,59.434799718769376,-35.279216403705618,86.355404277918282,4.987850949545702,1.680855967911299
804,91.692305802107512,48.169005140513093,-81.205341034894062,3.289687889681403,2.098097386513587
805,98.364458712278704,-65.556075241274101,38.893802461749679,-3.220141070916327,-4.230487680866446
806,81.341605217908068,28.512164079890848,36.106580767076075,3.181875676804857,1.264645468256020
807,94.846617357688899,-83.610741272410223,-15.917268744629057,-4.495710089909011,3.109419201842023
808,76.503965240920365,-37.714436201754687,-69.587317406963223,1.634459088607798,-2.049109799422411
809,20.343708847170451,-43.269888965244640,-36.527359733249554,0.883000469837469,0.869516513681035
810,98.045406067771694,-12.609000099592270,21.875838085549397,-1.926135109582727,3.256839163023173
811,38.290771070417904,108.661542916877053,-84.837344510261062,4.730038796064662,0.389743655800601
812,95.552685580691374,15.544949585265879,-71.329478820083267,2.819798778038596,4.247619053214891
813,25.481365923138682,-44.198422931265782,91.512030548558812,1.871865643389725,-1.305505758893588
814,31.436348365129213,-68.484061326431657,33.502331297754957,4.511972482620052,1.561422182304639
815,83.239777596518707,-9.001387408295999,99.376510459309756,-1.476424625216577,2.807991367629370
816,93.570925764643050,24.056919877015392,-13.099022284332182,1.491166665114640,-2.368235214659897
817,27.911769565356725,-39.741436151304427,69.625246842166504,-0.352251290776806,1.538351884109090
818,37.762319514793319,-4.931701769037452,-7.019149295466876,4.304415009817930,0.455386902886712
819,79.675129953288788,-59.985155054627015,26.858892475337150,2.111753250343185,-4.311861928195704
820,68.527486912979782,-19.064548467499687,6.397568120632815,-0.736767843697272,0.235271221638156
821,81.491983324055496,87.314329178581076,-33.197297620945776,-1.946807072109635,2.723214708822397
822,52.595495338063422,-61.978443645899567,-105.495280791153007,-4.013702375713279,-3.464796936713554
823,13.989394412680756,-77.904821706844103,-13.735784820582852,-0.903726887306533,-2.612391666409764
824,95.092544640370406,-84.647928283842901,-92.378192979872679,-0.379704251997737,2.977920055019467
825,77.196553358937464,60.879855509522550,63.522240540060324,-3.356991020901745,2.846018883101920
826,85.492558543336941,-75.580582864566381,-69.621373960217554,-0.870229953400781,-2.149250431927641
827,21.004482947634919,60.266718735916022,-84.867819216619537,-4.753977164207157,-3.610783742590939
828,18.192562321526466,48.630459545940852,-8.222207085902104,-1.086177226210694,0.506623030600650
829,89.284935984709975,-81.667201321956455,30.607413138604539,1.904995256655440,-1.481948276766332
830,66.651578575685761,-61.414336897151024,25.509286177128224,4.409754439947022,2.996518112884772
831,8.928601511008857,-64.847723873929255,85.035781846414963,4.559724645067575,1.360246911387719
832,12.503067431173294,32.682822543634224,-29.115601523136547,-0.057648440865066,-2.252497321609859
833,57.484467942358030,48.342476858378355,3.173847043467510,1.606818976651780,-3.577724696292872
834,12.490655512473742,-79.074706277361130,44.738481851899678,-3.323267133329466,0.185919490195019
835,91.338000612536462,-42.861406907170092,-42.495625303296215,2.847256712440327,-2.849391934541501
836,56.055508791808307,-40.843634434845029,-74.946453548169131,0.835507928852408,1.517512250779163
837,86.278547773445027,-17.587283219847684,-19.232557698803330,-2.832413105626941,3.716869004638035
838,36.810426920123753,-96.299149645318380,3.562798190753593,0.152354733985760,-3.884425946856940
839,85.956736872543630,-29.106049472616732,34.546078631791310,-0.385393565040637,-3.657390862044707
840,54.586040027958461,99.229898977196797,-97.629179301856809,1.421975939169329,-0.737520300138783
841,69.636530113224993,94.705511991596723,33.151226895523727,0.176632314381919,-3.547897221782392
842,37.919353142205352,-17.956513885921979,64.259023822193654,-1.713071041779912,3.507902737717927
843,89.144916692991643,51.303992640347943,-59.266777944540841,2.684147098897327,-0.490184905330793
844,3.107209284399857,-64.787839493195591,7.526284522371617,-3.635754365283361,-4.661988392971361
845,46.819645006107152,-39.739545200311746,44.349307228569458,-4.591157856985717,-4.053368276714409
846,17.419406013849891,-58.900604970844640,28.422099135131742,2.278359992343582,-3.712798355442182
847,83.224113490827435,64.379361801518172,108.668544587725592,-1.195079700175938,4.797019807575964
848,4.970379898613309,5.164843588136557,-79.628172480420062,0.477083194118322,4.017297573981438
849,41.447390256137183,-11.475759163828235,-37.288238856631388,4.609311565236496,0.631861540863099
850,28.869158437504950,-82.046416497350052,66.034286232615429,1.315791483380480,-0.935092460511555
851,7.537036911609645,-65.039515142725207,-12.484178248446121,-0.307148868904505,-3.484566895986063
852,92.693177042177609,-87.090323096707422,75.377969236908541,4.195135956131679,-0.721115402544825
853,76.268659341165034,60.470923927582014,64.761399136788640,4.572405421314585,3.952258076451898
854,75.787279287470398,-72.404441483906425,-6.641637002801168,-4.459596100502949,1.383784797399201
855,5.180731669739303,-23.378553110280592,39.997865972825764,-1.892233937308596,2.914737389620115
856,23.654875527641639,-52.565189795504843,-12.162707059094087,-4.031925132070668,-1.623446712292509
857,4.654740992895055,70.783928729021582,79.242613043051236,-2.067863309171969,-4.863393177792119
858,66.184851963999833,-38.343780975097346,44.608432443637739,4.260446986575062,-3.220785566981377
859,29.619695976927890,1.493762430291112,-53.834759830976488,1.183301905942891,0.088762403260390
860,37.491839352156909,-3.470041277113608,66.969808457873455,1.226529287684253,2.783029505867063
861,89.793195984155403,-22.077845882646439,33.218992978902683,-0.678977440174933,-1.566563178680269
862,34.307613163482884,-64.741011351802868,72.340048567000650,-2.399807175866897,-4.351595047429413
863,85.042678605404461,70.706193060032263,-9.410014503620667,-4.774798858895934,-1.008341977230209
864,34.660776664764725,64.962296941581826,39.953355909697756,4.025849034814399,4.886767419852944
865,86.822947186854023,42.311294244992375,71.710524133979334,-2.200090667735921,2.982201448127597
866,14.551038205103092,-29.716327014630192,-13.193018752932284,-2.244025382712778,3.052802314774983
867,63.124094862033552,55.955988086248603,14.049414429685394,0.311047016044697,3.082057981537201
868,11.593043968935616,96.827522390237462,-28.987757048887179,4.824048243743562,4.052092595758694
869,83.562134352671620,24.946217381224667,-75.990699405504159,3.425948734951234,-4.131676983432442
870,10.354142739165002,-37.913943743402200,-46.738035825862838,-4.056357447594650,-4.447422748093999
871,62.001637459421183,94.110717120000032,56.308752354092022,-2.614409601235934,3.880223733234445
872,51.480775386774837,-82.980174863953124,-12.944484193518509,2.746352875757196,1.994168969512700
873,7.588059091217559,-32.038581492937773,-69.514516105339723,1.386578227293711,1.823913115240572
874,21.894344031368643,6.751540696325821,44.492149196771450,2.196152401339191,1.937450947708186
875,99.396328617641672,-77.225963385402224,-51.434367870278123,2.752784271307718,2.629623303010220
876,67.629648971469436,-58.197660809568532,21.562598697647203,-0.982715045124394,0.731612740963961
877,62.196458894309629,-86.332221706642812,-4.977657202942490,-1.524804738050278,-3.473764289264958
878,54.185916739440621,94.644111349606305,-103.116910177798616,-1.859114516993543,-4.469718747222373
879,57.248632458241850,-69.990680924219404,-64.986570471050726,-3.227538392125240,-2.734287201874963
880,6.199220634985473,3.553511397669718,-9.279739768672849,-0.219312435874275,-2.916739073582963
881,35.858448367337822,89.932224157531579,-60.045429104491532,3.821157516532736,-0.395555768309563
882,80.319619972552957,10.547905907063317,-0.011732176078467,-1.610243452936011,-1.902501420006889
883,84.357784517287172,18.210819442731108,-92.055402875078002,1.186205027937604,2.161578211125459
884,25.805347311415694,89.051532300436307,27.310023040124094,0.289317968465497,2.009502223552317
885,35.615559994981624,101.324728887517239,-36.711042641769858,2.742388853771871,4.329309886931654
886,8.077639091119313,21.309002685066915,65.808829249736846,1.950878146360324,-3.873260317158156
887,90.207959800137090,-92.049419564353641,24.278842868785187,-4.259880395470361,4.200512017105673
888,91.968224461803430,45.422393458538721,85.326704466431380,4.072352347890984,1.137145124044991
889,91.853116065557757,-28.567939301533148,-74.466237527213536,1.313515390067899,-3.675798825562282
890,83.014242065587766,-28.460201722698368,-85.756073276659961,2.110360278831180,1.583224993142807
891,96.578484778823380,65.000825663559553,-42.540420404105262,2.372633160333493,3.324228979482768
892,48.651339457331517,-27.439642733927943,-64.901686990795241,-0.278890376351448,-3.177391560243592
893,53.079393985700129,-21.381421694385935,40.623593897925772,-3.127797720535597,0.356645711808667
894,15.243887629945359,-73.692995736001222,-28.502835784324898,4.469962756887469,-3.635660040215249
895,50.260212290877057,62.990380508444865,-85.040305285523857,-4.176714532600911,3.823079485913894
896,38.311881154526603,-17.937623768137570,53.213685335236185,-3.800417616660745,3.966185488279095
897,6.455041358401552,-5.365850565708953,-46.035382692947351,1.405555940774939,0.332130232937899
898,58.715606584862634,-51.093550154963161,-95.005883423001251,2.555338280705755,-0.181929222813437
899,24.529655674470408,-104.535281387300685,1.069215136406478,-4.088990971126805,-2.526352002475052
900,3.182723332860968,-54.239654043880435,-97.040230699541851,-1.695455484023611,-2.474209182110343
901,86.577944036652426,-63.752988791353886,88.190652440532872,0.455570157478391,-1.578462130006386
902,65.121278627645552,11.725459093004963,32.531809355499874,3.192165347434539,-2.645522848680315
903,19.984911160059283,48.282213044336658,-86.432098166120781,-3.983544073139100,4.438581353014115
904,44.154671871796438,-90.987956289847659,-74.233319611538960,4.012698625366085,4.890922856399982
905,3.346111158517697,-6.163284396934090,8.911038093376430,3.037048574447487,-4.947241714497164
906,75.633675155634691,-89.474490530558867,-21.696764681614166,1.508553027684911,-3.056322270452050
907,95.208594407911676,-16.250887232125681,55.213691794578232,1.422571649427695,2.988714646838275
908,47.817303840095121,-1.636692568093638,-79.860340000372005,1.609956387175537,-4.463390269231837
909,20.197895154841191,-64.262276140430146,-39.249111485047848,-3.484819045142018,0.751718191465045
910,45.833708566311692,32.351984477377883,-26.815017047971910,-2.431867964494216,1.775553088619830
911,65.974138966961291,40.039905243563474,75.395335020252659,3.219681322512002,0.138954866484653
912,81.344385877770023,-60.228129046878195,-52.628858078069321,2.470708361251539,-4.100236207398567
913,64.751193357208209,42.405376244641708,-73.982969874620551,-3.051313432406033,1.410158055021782
914,25.775803491548210,-35.044753631338494,26.590787085572948,1.497364431380532,1.930568542615418
915,76.278952071633498,-97.601869512923429,21.781358251050456,-0.749527721516330,0.507202061573686
916,56.075213102193288,19.767994196781128,-39.545260273196938,4.602715666067780,0.206841360652277
917,89.485827355576063,-6.286277757994086,26.888716994279392,-4.393692081487810,-4.916634545162957
918,30.558647714681118,-36.755195941899657,-70.543754950437133,0.304283330389765,1.481479384155904
919,51.545429133742694,-57.206711904603026,-20.261563091354155,-1.367083171934169,1.541198272501099
920,48.917021058493141,14.335058707313395,-25.947399806108169,0.612448188552328,-2.220346536926243
921,83.709960324552384,-101.163120543736994,-24.678718706324851,-2.746476126036868,2.127859622178363
922,99.222699522236553,-49.356637533817263,11.057680751204146,0.506541303616004,-1.107168518205448
923,87.121916378142515,-81.715785701160229,23.044290856520607,-1.931766421024861,2.622775015169942
924,15.746588592386534,18.843669693634006,-25.004208581839205,-0.102319820006436,-2.122003455138710
925,93.807036739801276,-62.832221567222582,80.174751967392012,4.240961215958450,2.618436852279871
926,58.751808372320760,-79.490726045933883,0.715812459936502,-2.058328851743596,-0.754404017796212
927,83.418686745424480,38.336449888260098,-24.146949255360898,-4.996236523795616,-1.046463659506358
928,98.179962056022759,-35.477925578373387,-50.068292128174228,-1.093925902976878,-1.783454298898945
929,68.769819991902949,-87.760719539372644,-30.899403143564122,-2.470214563517459,-1.113568568758971
930,77.739673012918018,4.555266143018597,-35.509209479048124,0.741146174564378,1.863611892461847
931,64.678901808632091,-20.869314266339821,-72.484686533790367,-0.587954890664655,-4.429577590283174
932,14.315309347995729,-56.276658369072862,77.175710880308259,-2.000148405515390,-3.732629893990236
933,3.332397720112580,10.401371947646091,-91.111010893176726,4.688367079161981,-0.188011470409322
934,94.814038070239491,-90.344425863453139,88.239578879095717,0.202853855943630,-0.832984203090348
935,53.467205026461400,80.196152144105753,49.856575970753909,-3.801995312615958,-4.630803609916256
936,71.307885553201103,81.138863310216891,-40.921010186709410,4.734570164474405,4.892475539132946
937,21.112260880166936,-2.401317725840530,29.733822236561924,-0.373189476402214,-0.453055552579507
938,76.296067284675942,-60.357629191415455,67.934426713529845,1.467691545678562,1.730705692944667
939,45.527069623041832,-53.266984782527544,44.371195604462450,0.092195867512146,-1.863690856041345
940,3.355404356624052,-75.545060210532341,35.129283940144646,4.981444169958138,-4.104337560889348
941,25.640150940942224,-32.656951490533203,61.010169640252819,1.199682619236242,-1.215189737009226
942,96.096978781055839,74.952271129656637,46.541956849391852,0.365961586477681,-4.349983912604927
943,51.626978907900181,36.608379646585028,-39.232022914287626,-1.236469794760708,-0.340240587761897
944,25.042483871446148,30.031537031083953,47.391636672033307,2.477668993681093,-1.649278491193584
945,43.847862047868134,-64.742386778636941,69.053298104773560,1.311165409642001,4.027081998152937
946,26.217040969087147,22.664588132172543,-23.855086924500181,2.395271741571392,2.660067576290714
947,58.134214951055540,87.884137928530137,-51.802882609611359,2.416199090065874,2.390910472749397
948,19.415694599699570,-45.442825980670861,98.211571517396663,4.158032238525777,2.856368289253908
949,29.301193706505433,22.509698639114315,-68.983091804376798,3.065378202829727,2.116935147100207
950,60.284504595529768,55.030193925810764,-23.958227101184075,-2.771322515878438,-3.652633620638213
951,38.635203145230797,-15.294550443980100,44.348778856194564,1.916712542610988,-1.464602575202889
952,82.874564157879632,-79.214185732308394,-71.356798707970015,-4.846145351925202,-0.087732589939549
953,1.800209440351159,-0.594280760987268,-84.293967292285302,-1.776022099804109,3.569788392672280
954,15.881624797843495,-42.811377889588158,79.533079967773659,-0.916630518896611,-3.299245159556818
955,49.236637368649475,-71.492234318654170,-68.397686468937835,0.334201714616000,2.264107296353046
956,60.297880129668755,-76.485293898327242,-33.698375841263911,3.763550356323009,-4.137261233653433
957,97.252103371523376,-0.832238746042558,-93.049933049871598,4.290409589277888,1.837905332475742
958,87.018800561161029,-4.863420752300308,74.865526220178666,3.671824089511455,3.436062079593682
959,39.989454749461700,90.555070229731783,-49.072436195564009,-1.984595688671931,3.433732913456211
960,36.481844094074241,-93.108011603219907,-64.219375994249646,-1.084176346378740,-2.754610541289537
961,19.098258539478874,73.798119986966782,-71.709265906160795,-1.434491773107283,-4.800097424941896
962,56.030686217794241,58.116127953137592,-24.565380681102813,-4.485005260398722,-4.264319621072943
963,39.558079445053430,-96.994632664629819,-11.016336733908075,1.008527922362390,4.416221470610893
964,45.403361619219289,40.284120665769322,-26.324904049955329,-1.568546571986218,-3.760527083107590
965,44.085352187378007,33.289553496302460,-28.100513213661280,-2.847796546987880,-0.124169789978268
966,53.719745506991480,-99.472120758141415,-14.049745389021467,-4.227110726863259,4.112398788547011
967,8.691574620967392,-63.777369693366879,-97.286649045278040,-1.102938388303443,-2.135005767686238
968,18.798335297054820,58.330243586226160,-30.636762073943654,1.611116778674315,3.097856368576224
969,53.847703902991299,-72.651561790864747,85.490272369623497,-4.798502946762540,3.232750333923207
970,84.530436374796381,-77.948976933066803,49.877560932285085,-0.210554435552268,0.536381706121958
971,58.135384642289900,-9.892457434333888,-87.955278209199250,3.730918650876536,1.163391878322528
972,27.639028506718276,74.937392435601723,87.105221098909141,1.539686924362371,2.701196833682218
973,20.801706282151649,89.678902576400787,75.197151642868988,4.141685046522525,-2.347211047671749
974,10.018947243075706,-58.427365156719979,49.586927082139169,4.631831767336081,-1.336765812372320
975,86.211778174033540,55.087766575669413,87.395791156578511,1.760395303103124,-3.273068560239523
976,19.762484294533561,102.149455435006999,-21.866081497176772,4.495954480627518,-2.743093217077686
977,50.158722480720613,88.957659515797246,27.935170559793903,2.775573711625867,4.793861647772601
978,4.075062543977117,40.028245040730013,-47.216774144022175,3.859506679187064,-3.982012952799607
979,70.614689332108554,-42.273748432653676,19.229901022350234,0.240312512149288,2.236007632286885
980,67.450539433114201,65.502911383615128,65.259270021742140,-0.140815990693000,-1.360050592099782
981,83.340206944856803,-24.378879876769936,-88.252463044402091,-4.897289566199170,4.748558408027037
982,77.692545011190688,-55.804521908488638,30.260173786617077,2.608457001568709,-1.118334567937396
983,63.632936710487563,-61.760310203767425,-80.375337143529848,4.381711537914157,4.352211556610541
984,57.863105770910906,47.702601859049679,55.958117346390395,0.640450644492319,-3.293635401392692
985,45.208942268844510,31.803141834783290,-2.320417825828068,-1.133680382516111,2.765320241214342
986,88.067777574941431,-82.441965953466095,5.159372799354182,4.473985568971273,4.242080016523087
987,7.097700641639930,-3.700575718151179,-81.219024944176681,-4.505527927583275,2.824772917755070
988,51.560991275356869,89.073877599802515,-76.191736488777835,-3.690729716399233,-0.868038292798445
989,21.063240286552784,95.603305507005572,-98.369269143564168,-2.161620136018882,-4.108345452188900
990,46.029137100339653,68.217150905530730,-17.687339581449233,4.099614806433038,3.563041223883090
991,18.775009321953608,-56.839493589960767,-98.816959574709642,3.067976970769948,0.499122265343033
992,30.920839841042351,-36.650055062435932,-71.094780432955844,-4.428434138915449,1.565906576242782
993,70.044311467295216,68.322132014480559,31.427952847131689,-0.161929488670864,4.518449323291307
994,45.374058289291504,5.254009183102047,-67.542077519638767,-2.192702565688531,4.704792696404780
995,66.830814719802163,21.782230275782478,-35.303273092430153,-0.943245639479962,1.514739410615462
996,24.326298416631378,18.706817081999631,-4.098413031751959,2.111251023085536,4.138031814843579
997,91.905386400179097,-72.530484047086077,34.789287027099910,-1.741619469938627,3.757256067214954
998,67.016187489127105,-1.610425383756517,-73.990406434349268,2.607240896517138,-0.934052733071411
999,19.383768012941836,102.197505391485151,90.170865862805059,2.479206928973099,-1.309572373290280
